accident_id,city,state,latitude,longitude,date,time,day_of_week,is_weekend,road_type,lanes,traffic_signal,weather,visibility,temperature,traffic_density,cause,accident_severity,vehicles_involved,casualties,is_peak_hour,risk_score
0,Pune,Maharashtra,18.680827,73.930388,2023-10-22,05:00:00,Sunday,1,highway,3,1,fog,low,32,high,weather,fatal,2,2,0,0.85
1,Mumbai,Maharashtra,18.817732,72.790846,2023-05-21,04:00:00,Sunday,1,urban,4,0,clear,high,34,low,weather,major,4,3,0,0.1
2,Mumbai,Maharashtra,19.096889,72.819424,2024-07-10,13:00:00,Wednesday,0,urban,3,0,fog,low,21,medium,weather,minor,1,1,0,0.45
3,Chandigarh,Punjab,30.787805,76.847507,2025-03-30,11:00:00,Sunday,1,urban,1,1,fog,low,30,high,distraction,minor,5,2,0,0.65
4,Chennai,Tamil Nadu,12.965155,80.283313,2024-01-25,16:00:00,Thursday,0,highway,3,1,clear,high,24,low,distraction,minor,2,1,0,0.1
5,Delhi,Delhi,28.79949,77.049666,2024-07-29,08:00:00,Monday,0,urban,5,1,clear,high,36,high,overspeeding,fatal,4,4,1,0.65
6,Bangalore,Karnataka,13.064327,77.530941,2025-03-24,06:00:00,Monday,0,highway,3,0,clear,high,33,high,drunk driving,minor,4,4,0,0.3
7,Chandigarh,Punjab,30.786617,76.733947,2023-05-07,14:00:00,Sunday,1,urban,3,1,clear,high,25,low,weather,major,3,0,0,0.1
8,Hyderabad,Telangana,17.422447,78.464881,2022-02-25,03:00:00,Friday,0,urban,1,0,rain,low,22,low,poor road,minor,1,0,0,0.45
9,Bangalore,Karnataka,12.939033,77.498966,2024-03-31,04:00:00,Sunday,1,rural,3,1,clear,high,23,low,weather,minor,1,0,0,0.1
10,Chandigarh,Punjab,30.651926,76.876892,2022-03-23,13:00:00,Wednesday,0,highway,1,1,fog,low,34,medium,poor road,minor,3,3,0,0.45
11,Bangalore,Karnataka,12.936802,77.469957,2022-01-27,02:00:00,Thursday,0,urban,5,1,rain,medium,33,low,drunk driving,minor,2,0,0,0.25
12,Mumbai,Maharashtra,19.132036,72.76057,2023-11-28,09:00:00,Tuesday,0,highway,5,1,rain,low,17,medium,weather,major,4,1,1,0.6
13,Pune,Maharashtra,18.532452,73.841799,2024-03-25,08:00:00,Monday,0,highway,6,0,rain,low,40,medium,overspeeding,major,5,2,1,0.7
14,Chandigarh,Punjab,30.721892,76.711388,2025-02-09,18:00:00,Sunday,1,urban,5,1,rain,medium,23,high,overspeeding,major,4,0,1,0.6
15,Chandigarh,Punjab,30.772308,76.768413,2024-03-18,08:00:00,Monday,0,rural,1,0,clear,high,23,high,drunk driving,minor,4,4,1,0.45
16,Hyderabad,Telangana,17.382285,78.551704,2023-08-03,11:00:00,Thursday,0,urban,6,0,rain,low,20,low,overspeeding,major,5,3,0,0.45
17,Chennai,Tamil Nadu,13.161404,80.197819,2023-09-26,21:00:00,Tuesday,0,urban,1,1,fog,low,30,medium,distraction,fatal,5,5,0,0.65
18,Hyderabad,Telangana,17.570411,78.310647,2024-08-14,18:00:00,Wednesday,0,urban,4,1,fog,low,21,high,distraction,fatal,1,1,1,1.0
19,Chandigarh,Punjab,30.629812,76.765481,2024-02-04,02:00:00,Sunday,1,urban,5,1,fog,low,36,low,poor road,minor,2,0,0,0.45
20,Kolkata,West Bengal,22.459848,88.361745,2022-11-04,01:00:00,Friday,0,highway,6,1,fog,low,30,low,drunk driving,fatal,5,5,0,0.65
21,Kolkata,West Bengal,22.692541,88.209956,2023-12-09,00:00:00,Saturday,1,urban,3,0,fog,low,25,medium,weather,minor,4,1,0,0.45
22,Bangalore,Karnataka,12.911401,77.624696,2024-08-06,03:00:00,Tuesday,0,urban,1,0,rain,low,26,medium,distraction,major,3,1,0,0.45
23,Chennai,Tamil Nadu,12.98416,80.153974,2023-07-26,23:00:00,Wednesday,0,urban,2,0,clear,high,36,medium,distraction,minor,3,2,0,0.1
24,Delhi,Delhi,28.528171,77.003017,2023-03-26,01:00:00,Sunday,1,highway,5,1,clear,high,29,high,drunk driving,minor,3,2,0,0.3
25,Delhi,Delhi,28.631253,77.168852,2022-11-02,14:00:00,Wednesday,0,highway,4,0,rain,low,32,high,overspeeding,major,1,0,0,0.65
26,Chennai,Tamil Nadu,12.964354,80.262971,2024-10-11,13:00:00,Friday,0,urban,6,0,clear,high,39,high,weather,major,1,1,0,0.3
27,Chennai,Tamil Nadu,13.171632,80.200311,2023-09-05,05:00:00,Tuesday,0,highway,4,1,rain,medium,29,high,weather,minor,1,1,0,0.45
28,Mumbai,Maharashtra,18.876038,72.816062,2024-01-09,08:00:00,Tuesday,0,rural,3,1,rain,medium,28,high,overspeeding,minor,1,1,1,0.6
29,Delhi,Delhi,28.494878,77.089734,2025-04-08,17:00:00,Tuesday,0,urban,6,0,fog,low,17,high,drunk driving,minor,4,0,1,0.8
30,Bangalore,Karnataka,13.181455,77.704682,2023-05-21,17:00:00,Sunday,1,rural,3,1,clear,high,36,high,distraction,minor,1,1,1,0.45
31,Mumbai,Maharashtra,19.277812,72.889938,2024-12-31,07:00:00,Tuesday,0,rural,6,0,clear,high,24,low,poor road,minor,3,1,0,0.1
32,Kolkata,West Bengal,22.644485,88.376914,2024-10-11,07:00:00,Friday,0,urban,6,1,fog,low,18,low,overspeeding,minor,5,4,0,0.45
33,Bangalore,Karnataka,13.007483,77.745779,2023-10-09,03:00:00,Monday,0,highway,1,0,rain,medium,23,medium,drunk driving,minor,4,4,0,0.25
34,Delhi,Delhi,28.767686,77.102505,2022-06-02,17:00:00,Thursday,0,rural,1,1,fog,low,27,medium,poor road,minor,5,2,1,0.6
35,Chandigarh,Punjab,30.79305,76.864728,2023-12-21,04:00:00,Thursday,0,highway,6,0,clear,high,35,low,overspeeding,minor,5,1,0,0.1
36,Delhi,Delhi,28.513789,77.26605,2024-01-02,14:00:00,Tuesday,0,rural,6,1,fog,low,24,high,drunk driving,minor,1,0,0,0.65
37,Chennai,Tamil Nadu,12.941766,80.271836,2023-02-19,18:00:00,Sunday,1,highway,5,1,clear,high,32,low,weather,fatal,4,4,1,0.45
38,Pune,Maharashtra,18.497326,73.919761,2023-12-04,06:00:00,Monday,0,rural,5,0,rain,medium,20,low,drunk driving,minor,2,1,0,0.25
39,Kolkata,West Bengal,22.568337,88.326718,2023-09-02,01:00:00,Saturday,1,rural,4,1,rain,medium,30,high,weather,minor,4,3,0,0.45
40,Mumbai,Maharashtra,18.945509,72.865677,2024-11-19,22:00:00,Tuesday,0,highway,5,1,rain,medium,40,high,distraction,minor,2,2,0,0.45
41,Chandigarh,Punjab,30.739178,76.722246,2023-07-21,09:00:00,Friday,0,urban,4,0,rain,medium,29,high,drunk driving,fatal,3,3,1,0.8
42,Hyderabad,Telangana,17.36441,78.442288,2022-03-01,22:00:00,Tuesday,0,urban,4,1,rain,medium,20,medium,overspeeding,major,1,0,0,0.25
43,Chennai,Tamil Nadu,13.174093,80.150346,2025-01-13,13:00:00,Monday,0,highway,2,1,clear,high,20,low,weather,minor,1,1,0,0.1
44,Chandigarh,Punjab,30.75772,76.718682,2022-11-01,00:00:00,Tuesday,0,rural,3,1,rain,medium,26,low,drunk driving,major,2,2,0,0.25
45,Bangalore,Karnataka,13.032625,77.614829,2024-06-21,09:00:00,Friday,0,urban,2,1,rain,medium,21,high,distraction,minor,1,1,1,0.6
46,Chandigarh,Punjab,30.774779,76.862232,2025-04-11,11:00:00,Friday,0,urban,6,1,rain,low,31,low,poor road,major,4,4,0,0.45
47,Delhi,Delhi,28.683622,77.273941,2023-02-06,15:00:00,Monday,0,rural,2,1,rain,medium,16,medium,poor road,major,3,3,0,0.25
48,Hyderabad,Telangana,17.384544,78.420669,2022-05-23,14:00:00,Monday,0,highway,4,0,rain,low,22,high,weather,major,2,0,0,0.65
49,Hyderabad,Telangana,17.217784,78.280672,2024-12-23,13:00:00,Monday,0,rural,3,1,fog,low,31,medium,distraction,major,2,2,0,0.45
50,Pune,Maharashtra,18.482992,73.944129,2024-02-29,09:00:00,Thursday,0,highway,2,1,clear,high,32,high,overspeeding,major,3,1,1,0.45
51,Hyderabad,Telangana,17.224481,78.470636,2023-02-23,07:00:00,Thursday,0,rural,3,1,fog,low,17,medium,drunk driving,major,2,2,0,0.45
52,Bangalore,Karnataka,12.863932,77.797043,2024-07-21,02:00:00,Sunday,1,urban,4,0,fog,low,15,low,drunk driving,major,1,0,0,0.45
53,Mumbai,Maharashtra,19.090552,72.9844,2023-03-14,21:00:00,Tuesday,0,rural,1,1,rain,low,29,medium,poor road,minor,3,0,0,0.45
54,Chandigarh,Punjab,30.790067,76.805399,2024-09-30,03:00:00,Monday,0,highway,5,1,rain,low,25,low,weather,major,3,1,0,0.45
55,Delhi,Delhi,28.502883,77.165457,2022-11-17,06:00:00,Thursday,0,urban,5,1,fog,low,32,medium,drunk driving,minor,3,3,0,0.45
56,Chandigarh,Punjab,30.774233,76.72531,2023-09-07,00:00:00,Thursday,0,urban,3,0,clear,high,40,low,distraction,major,2,1,0,0.1
57,Mumbai,Maharashtra,19.232608,72.869852,2023-06-04,06:00:00,Sunday,1,urban,6,0,fog,low,21,medium,weather,major,2,1,0,0.45
58,Chennai,Tamil Nadu,12.959773,80.153419,2022-06-28,02:00:00,Tuesday,0,urban,1,0,clear,high,31,low,overspeeding,minor,1,0,0,0.1
59,Chennai,Tamil Nadu,12.985135,80.226248,2025-03-28,23:00:00,Friday,0,rural,2,0,rain,low,25,high,overspeeding,fatal,4,4,0,0.85
60,Mumbai,Maharashtra,19.061169,72.872827,2024-04-17,14:00:00,Wednesday,0,urban,5,1,clear,high,19,low,poor road,minor,2,0,0,0.1
61,Delhi,Delhi,28.463133,76.976698,2024-12-31,09:00:00,Tuesday,0,rural,1,1,rain,medium,39,medium,distraction,major,1,0,1,0.4
62,Chennai,Tamil Nadu,12.852053,80.121615,2023-05-13,14:00:00,Saturday,1,urban,6,1,rain,medium,27,high,distraction,major,3,1,0,0.45
63,Chennai,Tamil Nadu,13.017299,80.224813,2024-04-02,00:00:00,Tuesday,0,rural,3,0,fog,low,26,low,overspeeding,major,4,1,0,0.45
64,Pune,Maharashtra,18.560997,73.811173,2024-08-17,23:00:00,Saturday,1,rural,2,1,fog,low,24,medium,drunk driving,major,2,2,0,0.45
65,Chennai,Tamil Nadu,12.97141,80.197487,2023-12-11,07:00:00,Monday,0,rural,4,1,rain,medium,18,high,drunk driving,major,1,0,0,0.45
66,Mumbai,Maharashtra,19.264702,72.886613,2022-09-22,10:00:00,Thursday,0,highway,1,1,clear,high,21,high,poor road,major,2,2,1,0.45
67,Mumbai,Maharashtra,18.811624,72.877651,2022-02-27,05:00:00,Sunday,1,rural,2,1,fog,low,17,high,drunk driving,minor,5,5,0,0.65
68,Chandigarh,Punjab,30.674067,76.774623,2024-04-23,21:00:00,Tuesday,0,rural,4,0,clear,high,36,high,distraction,major,3,1,0,0.3
69,Mumbai,Maharashtra,19.208566,72.896859,2023-05-26,06:00:00,Friday,0,highway,6,1,fog,low,34,low,poor road,major,1,1,0,0.45
70,Hyderabad,Telangana,17.530898,78.305176,2024-11-26,19:00:00,Tuesday,0,highway,2,1,fog,low,38,low,poor road,minor,3,3,1,0.6
71,Pune,Maharashtra,18.442448,73.878574,2024-03-03,14:00:00,Sunday,1,urban,4,0,fog,low,19,high,drunk driving,major,2,2,0,0.65
72,Delhi,Delhi,28.47365,77.060874,2023-03-24,11:00:00,Friday,0,highway,2,1,clear,high,21,high,weather,fatal,5,5,0,0.5
73,Bangalore,Karnataka,12.984625,77.767823,2022-09-21,06:00:00,Wednesday,0,rural,1,1,rain,low,19,low,distraction,fatal,1,1,0,0.65
74,Bangalore,Karnataka,12.954595,77.488507,2024-02-25,13:00:00,Sunday,1,highway,1,1,fog,low,29,medium,overspeeding,major,2,0,0,0.45
75,Chandigarh,Punjab,30.78901,76.887359,2022-05-02,19:00:00,Monday,0,urban,1,1,clear,high,23,high,weather,minor,4,0,1,0.45
76,Pune,Maharashtra,18.528017,73.850369,2023-09-05,06:00:00,Tuesday,0,urban,4,1,rain,low,39,low,poor road,minor,2,1,0,0.45
77,Pune,Maharashtra,18.549441,73.804096,2025-04-14,05:00:00,Monday,0,urban,4,1,fog,low,39,high,drunk driving,minor,2,0,0,0.65
78,Chennai,Tamil Nadu,12.919435,80.207627,2023-03-28,15:00:00,Tuesday,0,urban,2,1,fog,low,27,high,poor road,fatal,5,5,0,0.85
79,Delhi,Delhi,28.813866,77.149528,2025-01-31,21:00:00,Friday,0,urban,6,1,fog,low,19,high,poor road,minor,3,1,0,0.65
80,Chandigarh,Punjab,30.658767,76.836989,2024-03-01,14:00:00,Friday,0,highway,6,0,rain,medium,36,medium,drunk driving,major,3,1,0,0.25
81,Pune,Maharashtra,18.499609,73.81264,2024-06-14,06:00:00,Friday,0,highway,2,0,rain,medium,37,medium,overspeeding,minor,3,0,0,0.25
82,Kolkata,West Bengal,22.641847,88.381884,2024-11-05,22:00:00,Tuesday,0,rural,1,1,fog,low,30,low,overspeeding,minor,1,0,0,0.45
83,Hyderabad,Telangana,17.386509,78.48781,2022-04-11,00:00:00,Monday,0,rural,1,1,rain,medium,38,low,weather,major,3,0,0,0.25
84,Hyderabad,Telangana,17.335804,78.271751,2023-04-21,03:00:00,Friday,0,urban,5,1,fog,low,40,low,weather,major,2,2,0,0.45
85,Chandigarh,Punjab,30.645926,76.791403,2025-01-23,17:00:00,Thursday,0,highway,2,0,fog,low,36,medium,weather,major,3,2,1,0.6
86,Chennai,Tamil Nadu,12.93952,80.153093,2023-12-07,14:00:00,Thursday,0,rural,2,1,rain,low,25,medium,overspeeding,minor,5,1,0,0.45
87,Hyderabad,Telangana,17.512138,78.471549,2024-04-24,06:00:00,Wednesday,0,highway,1,0,rain,low,30,low,poor road,minor,5,5,0,0.45
88,Mumbai,Maharashtra,18.803193,72.982741,2022-09-28,04:00:00,Wednesday,0,highway,3,0,fog,low,19,low,distraction,minor,5,4,0,0.45
89,Delhi,Delhi,28.838921,76.991482,2025-02-16,22:00:00,Sunday,1,highway,3,0,clear,high,24,high,distraction,minor,2,1,0,0.3
90,Hyderabad,Telangana,17.470165,78.472552,2022-09-24,02:00:00,Saturday,1,urban,3,1,rain,medium,20,medium,weather,major,1,1,0,0.25
91,Pune,Maharashtra,18.537548,73.723176,2022-10-14,23:00:00,Friday,0,rural,3,0,rain,medium,38,high,drunk driving,major,5,3,0,0.45
92,Bangalore,Karnataka,12.941515,77.674347,2024-11-14,05:00:00,Thursday,0,rural,6,0,fog,low,35,high,overspeeding,minor,3,1,0,0.65
93,Pune,Maharashtra,18.467712,73.954984,2025-03-14,09:00:00,Friday,0,rural,1,1,fog,low,18,high,poor road,minor,5,5,1,0.8
94,Hyderabad,Telangana,17.44697,78.449607,2023-09-19,18:00:00,Tuesday,0,urban,1,0,fog,low,19,high,overspeeding,minor,2,1,1,0.8
95,Mumbai,Maharashtra,19.250366,72.762997,2024-06-06,22:00:00,Thursday,0,urban,4,0,fog,low,35,medium,poor road,major,4,4,0,0.45
96,Kolkata,West Bengal,22.48522,88.321126,2022-09-05,02:00:00,Monday,0,rural,4,1,clear,high,37,low,overspeeding,minor,3,3,0,0.1
97,Chandigarh,Punjab,30.662289,76.860184,2024-08-03,07:00:00,Saturday,1,rural,4,0,clear,high,27,medium,weather,major,3,0,0,0.1
98,Pune,Maharashtra,18.687205,73.858717,2023-03-22,17:00:00,Wednesday,0,highway,4,0,clear,high,16,medium,distraction,major,4,4,1,0.25
99,Chandigarh,Punjab,30.729891,76.786151,2022-04-17,06:00:00,Sunday,1,highway,2,0,fog,low,34,low,drunk driving,minor,5,2,0,0.45
100,Chennai,Tamil Nadu,12.810721,80.19735,2023-08-05,18:00:00,Saturday,1,urban,2,1,fog,low,36,high,poor road,minor,4,2,1,0.8
101,Kolkata,West Bengal,22.537913,88.323836,2023-07-16,23:00:00,Sunday,1,highway,5,1,rain,low,40,high,distraction,minor,3,1,0,0.65
102,Bangalore,Karnataka,13.045999,77.520041,2023-04-24,12:00:00,Monday,0,urban,4,1,rain,medium,26,low,distraction,fatal,1,1,0,0.45
103,Bangalore,Karnataka,12.848361,77.433807,2022-10-26,07:00:00,Wednesday,0,rural,2,0,clear,high,25,medium,drunk driving,major,1,0,0,0.1
104,Bangalore,Karnataka,13.057964,77.590444,2023-12-10,20:00:00,Sunday,1,highway,2,0,clear,high,40,medium,drunk driving,minor,4,0,0,0.1
105,Mumbai,Maharashtra,18.990602,72.799954,2024-12-09,20:00:00,Monday,0,highway,2,1,rain,low,23,low,drunk driving,major,1,0,0,0.45
106,Hyderabad,Telangana,17.426893,78.488724,2024-03-01,13:00:00,Friday,0,highway,4,1,fog,low,39,low,distraction,minor,5,1,0,0.45
107,Mumbai,Maharashtra,18.838523,72.976824,2023-11-22,22:00:00,Wednesday,0,rural,1,1,rain,medium,15,low,drunk driving,minor,5,1,0,0.25
108,Chennai,Tamil Nadu,13.10543,80.11737,2023-12-20,04:00:00,Wednesday,0,rural,6,0,clear,high,29,medium,weather,minor,2,1,0,0.1
109,Delhi,Delhi,28.519189,76.859451,2024-02-03,02:00:00,Saturday,1,rural,1,0,rain,low,27,high,poor road,minor,1,0,0,0.65
110,Bangalore,Karnataka,12.94701,77.785423,2024-11-19,16:00:00,Tuesday,0,rural,1,0,clear,high,34,low,distraction,minor,5,5,0,0.1
111,Hyderabad,Telangana,17.49119,78.27063,2025-02-15,08:00:00,Saturday,1,urban,4,0,rain,low,31,high,poor road,minor,3,0,1,0.8
112,Chennai,Tamil Nadu,12.812744,80.226751,2022-09-07,20:00:00,Wednesday,0,highway,2,0,fog,low,17,low,drunk driving,major,5,2,0,0.45
113,Chennai,Tamil Nadu,13.126298,80.273119,2024-07-07,09:00:00,Sunday,1,highway,6,1,clear,high,34,medium,overspeeding,major,4,1,1,0.25
114,Kolkata,West Bengal,22.686595,88.399393,2024-08-31,15:00:00,Saturday,1,rural,6,0,fog,low,31,medium,weather,fatal,1,1,0,0.65
115,Hyderabad,Telangana,17.416162,78.471995,2022-02-12,11:00:00,Saturday,1,rural,4,1,rain,low,17,high,distraction,minor,3,1,0,0.65
116,Chennai,Tamil Nadu,12.829772,80.266893,2023-11-23,05:00:00,Thursday,0,rural,3,0,rain,low,24,high,overspeeding,minor,2,1,0,0.65
117,Chandigarh,Punjab,30.703228,76.745141,2022-04-20,22:00:00,Wednesday,0,highway,5,0,rain,low,36,high,drunk driving,minor,4,4,0,0.65
118,Pune,Maharashtra,18.671835,73.77906,2023-06-09,13:00:00,Friday,0,urban,3,0,rain,low,18,low,poor road,minor,1,1,0,0.45
119,Chandigarh,Punjab,30.780406,76.759015,2024-11-28,19:00:00,Thursday,0,rural,1,0,rain,medium,26,high,drunk driving,major,3,0,1,0.6
120,Bangalore,Karnataka,12.863873,77.573049,2023-06-23,14:00:00,Friday,0,rural,3,0,clear,high,20,high,drunk driving,major,4,0,0,0.3
121,Chandigarh,Punjab,30.612508,76.8941,2024-09-07,11:00:00,Saturday,1,highway,2,1,rain,medium,15,medium,drunk driving,minor,3,2,0,0.25
122,Pune,Maharashtra,18.613759,73.739609,2022-11-08,17:00:00,Tuesday,0,highway,5,0,clear,high,16,high,weather,major,4,1,1,0.45
123,Kolkata,West Bengal,22.615566,88.245733,2022-09-02,13:00:00,Friday,0,urban,4,1,clear,high,25,low,poor road,major,3,1,0,0.1
124,Chennai,Tamil Nadu,12.917829,80.107956,2022-09-09,00:00:00,Friday,0,highway,6,0,rain,medium,40,high,overspeeding,major,2,0,0,0.45
125,Chandigarh,Punjab,30.669447,76.798384,2024-07-14,13:00:00,Sunday,1,urban,5,1,fog,low,38,medium,weather,minor,4,3,0,0.45
126,Chennai,Tamil Nadu,13.023148,80.267046,2023-10-24,22:00:00,Tuesday,0,rural,4,0,clear,high,36,low,distraction,major,3,3,0,0.1
127,Hyderabad,Telangana,17.469395,78.426902,2022-06-12,23:00:00,Sunday,1,urban,1,0,rain,low,17,medium,poor road,major,3,1,0,0.45
128,Pune,Maharashtra,18.445959,73.866259,2022-12-05,13:00:00,Monday,0,rural,4,1,clear,high,20,medium,distraction,major,2,2,0,0.1
129,Bangalore,Karnataka,12.810804,77.644324,2023-04-12,15:00:00,Wednesday,0,highway,3,0,fog,low,31,low,weather,minor,1,1,0,0.45
130,Kolkata,West Bengal,22.605036,88.211938,2022-07-06,20:00:00,Wednesday,0,urban,5,1,rain,medium,22,medium,overspeeding,major,1,1,0,0.25
131,Chandigarh,Punjab,30.749547,76.70627,2024-01-17,05:00:00,Wednesday,0,urban,1,0,fog,low,24,high,poor road,minor,4,2,0,0.65
132,Delhi,Delhi,28.8028,76.835013,2022-06-27,15:00:00,Monday,0,highway,4,0,rain,medium,19,low,drunk driving,fatal,2,2,0,0.45
133,Pune,Maharashtra,18.571932,73.724503,2025-01-21,03:00:00,Tuesday,0,highway,2,0,clear,high,31,low,drunk driving,major,3,0,0,0.1
134,Bangalore,Karnataka,12.913562,77.619006,2023-10-30,19:00:00,Monday,0,highway,3,0,rain,medium,34,medium,poor road,major,4,3,1,0.4
135,Chandigarh,Punjab,30.771578,76.798125,2023-09-24,20:00:00,Sunday,1,highway,3,1,rain,medium,25,high,weather,fatal,5,5,0,0.65
136,Chennai,Tamil Nadu,12.910539,80.183088,2023-07-08,12:00:00,Saturday,1,highway,5,1,clear,high,28,high,poor road,minor,3,2,0,0.3
137,Hyderabad,Telangana,17.57514,78.484234,2023-07-23,00:00:00,Sunday,1,highway,5,0,rain,low,17,low,distraction,major,1,0,0,0.45
138,Pune,Maharashtra,18.697073,73.828047,2022-11-28,04:00:00,Monday,0,highway,2,0,clear,high,20,high,weather,minor,5,2,0,0.3
139,Mumbai,Maharashtra,19.257558,72.75368,2024-02-13,10:00:00,Tuesday,0,highway,3,1,fog,low,30,high,weather,major,3,0,1,0.8
140,Chennai,Tamil Nadu,13.099257,80.226182,2024-09-21,08:00:00,Saturday,1,urban,4,0,rain,low,32,high,poor road,major,1,0,1,0.8
141,Chandigarh,Punjab,30.612831,76.810119,2024-11-23,22:00:00,Saturday,1,highway,4,1,rain,medium,17,medium,drunk driving,minor,4,4,0,0.25
142,Bangalore,Karnataka,12.851488,77.589232,2024-10-22,21:00:00,Tuesday,0,urban,2,1,fog,low,36,high,drunk driving,minor,1,0,0,0.65
143,Kolkata,West Bengal,22.408139,88.322983,2023-12-27,21:00:00,Wednesday,0,rural,3,0,rain,medium,29,high,distraction,minor,1,0,0,0.45
144,Kolkata,West Bengal,22.470344,88.318475,2022-06-05,06:00:00,Sunday,1,urban,3,1,clear,high,38,medium,drunk driving,minor,3,3,0,0.1
145,Kolkata,West Bengal,22.672696,88.400666,2023-01-27,15:00:00,Friday,0,highway,2,0,clear,high,28,low,distraction,major,2,1,0,0.1
146,Chennai,Tamil Nadu,13.145041,80.133716,2022-05-06,07:00:00,Friday,0,highway,5,0,fog,low,15,high,weather,major,1,0,0,0.65
147,Kolkata,West Bengal,22.524367,88.453597,2024-07-31,01:00:00,Wednesday,0,urban,5,0,rain,medium,26,low,weather,minor,2,0,0,0.25
148,Bangalore,Karnataka,13.055067,77.418018,2023-10-19,11:00:00,Thursday,0,rural,4,1,rain,low,30,low,distraction,minor,3,2,0,0.45
149,Delhi,Delhi,28.654528,76.925723,2022-10-05,02:00:00,Wednesday,0,urban,4,1,rain,low,35,low,weather,major,5,2,0,0.45
150,Bangalore,Karnataka,13.174917,77.602348,2023-11-04,21:00:00,Saturday,1,rural,4,1,rain,low,29,medium,drunk driving,major,4,4,0,0.45
151,Pune,Maharashtra,18.479329,73.88208,2022-11-06,22:00:00,Sunday,1,rural,6,0,clear,high,33,low,poor road,fatal,5,5,0,0.3
152,Chandigarh,Punjab,30.65561,76.831544,2024-04-25,03:00:00,Thursday,0,highway,6,1,rain,medium,25,low,poor road,fatal,1,1,0,0.45
153,Bangalore,Karnataka,13.052805,77.617588,2024-07-23,14:00:00,Tuesday,0,urban,3,1,rain,medium,26,medium,weather,minor,5,0,0,0.25
154,Delhi,Delhi,28.834402,77.209459,2022-12-23,12:00:00,Friday,0,rural,5,1,fog,low,33,medium,poor road,fatal,3,3,0,0.65
155,Mumbai,Maharashtra,19.090344,72.902108,2022-03-28,10:00:00,Monday,0,urban,6,0,clear,high,35,high,weather,fatal,2,2,1,0.65
156,Chennai,Tamil Nadu,13.196352,80.138535,2023-02-04,07:00:00,Saturday,1,urban,5,0,fog,low,32,medium,drunk driving,minor,1,1,0,0.45
157,Chennai,Tamil Nadu,13.152998,80.258685,2024-09-15,22:00:00,Sunday,1,rural,1,0,fog,low,19,high,distraction,major,4,2,0,0.65
158,Delhi,Delhi,28.671166,77.064188,2023-02-25,03:00:00,Saturday,1,rural,6,1,clear,high,27,high,distraction,minor,4,3,0,0.3
159,Kolkata,West Bengal,22.535434,88.290362,2025-01-09,08:00:00,Thursday,0,highway,5,0,clear,high,33,low,distraction,major,1,1,1,0.25
160,Pune,Maharashtra,18.522797,73.933778,2022-05-17,20:00:00,Tuesday,0,urban,4,0,fog,low,17,high,poor road,fatal,1,1,0,0.85
161,Bangalore,Karnataka,12.828296,77.719866,2025-01-31,01:00:00,Friday,0,rural,3,1,fog,low,35,low,overspeeding,major,2,0,0,0.45
162,Pune,Maharashtra,18.435528,73.934128,2023-05-20,11:00:00,Saturday,1,rural,1,1,rain,low,19,low,poor road,major,5,1,0,0.45
163,Chennai,Tamil Nadu,12.921984,80.115306,2023-03-24,18:00:00,Friday,0,rural,5,1,clear,high,21,medium,poor road,major,5,5,1,0.25
164,Chennai,Tamil Nadu,12.841819,80.258805,2022-05-06,00:00:00,Friday,0,rural,2,1,rain,low,37,low,drunk driving,minor,4,0,0,0.45
165,Delhi,Delhi,28.492703,76.815886,2022-04-12,07:00:00,Tuesday,0,highway,1,1,fog,low,17,high,weather,major,4,3,0,0.65
166,Chandigarh,Punjab,30.677187,76.727473,2025-03-30,04:00:00,Sunday,1,rural,4,0,rain,low,16,medium,drunk driving,fatal,5,5,0,0.65
167,Bangalore,Karnataka,13.068595,77.762442,2022-12-22,17:00:00,Thursday,0,urban,1,1,clear,high,33,medium,poor road,fatal,5,5,1,0.45
168,Chennai,Tamil Nadu,12.891896,80.227598,2022-01-21,18:00:00,Friday,0,urban,3,1,clear,high,29,high,poor road,minor,2,1,1,0.45
169,Chandigarh,Punjab,30.788551,76.774195,2022-01-22,07:00:00,Saturday,1,highway,5,1,rain,low,37,low,drunk driving,minor,4,3,0,0.45
170,Chennai,Tamil Nadu,13.057219,80.184551,2022-09-18,06:00:00,Sunday,1,highway,6,1,rain,low,38,medium,drunk driving,fatal,4,4,0,0.65
171,Delhi,Delhi,28.555907,77.177935,2022-09-02,21:00:00,Friday,0,highway,1,1,fog,low,37,low,drunk driving,minor,4,0,0,0.45
172,Bangalore,Karnataka,12.94144,77.549761,2023-12-08,10:00:00,Friday,0,rural,3,0,rain,low,19,high,distraction,minor,2,1,1,0.8
173,Bangalore,Karnataka,12.90836,77.563109,2023-08-24,21:00:00,Thursday,0,highway,1,1,rain,low,27,high,weather,minor,5,1,0,0.65
174,Bangalore,Karnataka,13.008178,77.683777,2023-05-09,04:00:00,Tuesday,0,highway,5,0,rain,low,27,low,overspeeding,major,4,0,0,0.45
175,Hyderabad,Telangana,17.253718,78.264759,2023-12-03,21:00:00,Sunday,1,highway,4,0,fog,low,20,high,weather,minor,5,1,0,0.65
176,Kolkata,West Bengal,22.643283,88.434764,2024-04-09,14:00:00,Tuesday,0,urban,3,0,fog,low,19,low,poor road,minor,3,1,0,0.45
177,Chandigarh,Punjab,30.78977,76.791081,2024-11-11,04:00:00,Monday,0,highway,2,1,clear,high,39,low,distraction,minor,5,0,0,0.1
178,Bangalore,Karnataka,13.094302,77.576124,2023-04-30,01:00:00,Sunday,1,rural,1,1,clear,high,32,low,weather,minor,1,0,0,0.1
179,Kolkata,West Bengal,22.453114,88.383374,2022-01-31,21:00:00,Monday,0,urban,3,0,clear,high,20,medium,weather,fatal,4,4,0,0.3
180,Hyderabad,Telangana,17.492197,78.20001,2022-01-13,19:00:00,Thursday,0,urban,6,0,rain,medium,20,high,poor road,minor,2,0,1,0.6
181,Chandigarh,Punjab,30.786188,76.807627,2023-03-28,22:00:00,Tuesday,0,highway,6,1,rain,low,33,low,poor road,minor,5,2,0,0.45
182,Hyderabad,Telangana,17.563446,78.232019,2023-10-10,13:00:00,Tuesday,0,urban,5,0,rain,low,39,high,poor road,minor,5,0,0,0.65
183,Bangalore,Karnataka,12.971567,77.689448,2022-07-11,20:00:00,Monday,0,urban,1,1,fog,low,21,medium,drunk driving,minor,1,0,0,0.45
184,Chandigarh,Punjab,30.784319,76.811367,2024-08-19,08:00:00,Monday,0,highway,2,0,clear,high,23,high,weather,major,5,5,1,0.45
185,Hyderabad,Telangana,17.262441,78.332996,2022-03-21,19:00:00,Monday,0,urban,2,1,clear,high,23,low,distraction,major,2,0,1,0.25
186,Pune,Maharashtra,18.62914,73.851101,2025-01-01,10:00:00,Wednesday,0,rural,6,0,rain,low,34,high,distraction,minor,1,1,1,0.8
187,Pune,Maharashtra,18.616196,73.705131,2024-10-18,08:00:00,Friday,0,urban,1,0,fog,low,31,high,overspeeding,major,3,1,1,0.8
188,Hyderabad,Telangana,17.432325,78.449923,2022-09-08,00:00:00,Thursday,0,urban,4,0,clear,high,22,low,overspeeding,major,5,4,0,0.1
189,Mumbai,Maharashtra,18.849144,72.726339,2023-02-28,08:00:00,Tuesday,0,highway,6,0,fog,low,27,low,poor road,major,1,0,1,0.6
190,Kolkata,West Bengal,22.563456,88.315626,2024-03-06,19:00:00,Wednesday,0,urban,3,1,rain,low,36,high,poor road,fatal,1,1,1,1.0
191,Pune,Maharashtra,18.441514,73.89283,2025-01-28,19:00:00,Tuesday,0,urban,4,1,rain,low,16,high,poor road,minor,5,1,1,0.8
192,Pune,Maharashtra,18.627045,73.919901,2024-04-23,15:00:00,Tuesday,0,urban,2,1,rain,medium,21,high,weather,major,4,3,0,0.45
193,Hyderabad,Telangana,17.453887,78.418717,2023-01-25,07:00:00,Wednesday,0,rural,5,1,clear,high,34,medium,weather,minor,5,3,0,0.1
194,Hyderabad,Telangana,17.310034,78.367309,2024-07-13,18:00:00,Saturday,1,urban,4,0,rain,low,16,high,distraction,major,3,2,1,0.8
195,Bangalore,Karnataka,13.180613,77.573218,2024-01-30,02:00:00,Tuesday,0,urban,4,0,fog,low,17,low,overspeeding,major,2,1,0,0.45
196,Kolkata,West Bengal,22.48019,88.366839,2022-03-11,16:00:00,Friday,0,urban,5,0,rain,low,20,low,weather,minor,5,5,0,0.45
197,Mumbai,Maharashtra,19.05988,72.748749,2022-11-04,02:00:00,Friday,0,urban,5,1,clear,high,36,high,weather,major,2,2,0,0.3
198,Chandigarh,Punjab,30.650517,76.789449,2022-10-21,00:00:00,Friday,0,urban,2,1,clear,high,36,low,drunk driving,minor,3,2,0,0.1
199,Mumbai,Maharashtra,19.093036,72.876566,2024-04-20,09:00:00,Saturday,1,highway,5,1,rain,medium,40,low,drunk driving,fatal,1,1,1,0.6
200,Delhi,Delhi,28.596361,77.02673,2023-02-22,00:00:00,Wednesday,0,highway,6,0,fog,low,19,low,weather,minor,4,1,0,0.45
201,Kolkata,West Bengal,22.648231,88.411475,2023-01-28,15:00:00,Saturday,1,rural,1,0,rain,low,27,low,drunk driving,minor,5,3,0,0.45
202,Chennai,Tamil Nadu,12.894547,80.239536,2025-03-03,03:00:00,Monday,0,highway,6,0,clear,high,22,medium,poor road,minor,2,1,0,0.1
203,Chandigarh,Punjab,30.706127,76.870146,2023-09-04,19:00:00,Monday,0,highway,6,0,rain,low,34,high,distraction,major,5,1,1,0.8
204,Chandigarh,Punjab,30.736284,76.88423,2022-05-07,18:00:00,Saturday,1,urban,1,0,rain,low,15,high,overspeeding,minor,5,4,1,0.8
205,Bangalore,Karnataka,12.884671,77.570809,2024-04-07,10:00:00,Sunday,1,urban,1,1,rain,medium,37,low,weather,minor,3,3,1,0.4
206,Kolkata,West Bengal,22.641019,88.468147,2023-12-28,14:00:00,Thursday,0,urban,5,1,clear,high,22,high,poor road,minor,3,0,0,0.3
207,Delhi,Delhi,28.497753,76.936211,2022-12-27,22:00:00,Tuesday,0,urban,2,1,fog,low,34,high,overspeeding,minor,4,0,0,0.65
208,Hyderabad,Telangana,17.22001,78.311087,2024-07-07,10:00:00,Sunday,1,rural,6,0,fog,low,16,high,weather,minor,4,2,1,0.8
209,Pune,Maharashtra,18.533492,73.818053,2023-09-10,23:00:00,Sunday,1,highway,4,0,rain,low,19,high,weather,major,2,0,0,0.65
210,Bangalore,Karnataka,12.898651,77.518953,2024-07-11,18:00:00,Thursday,0,urban,2,0,clear,high,22,high,distraction,minor,3,0,1,0.45
211,Chennai,Tamil Nadu,12.942775,80.266239,2023-09-11,00:00:00,Monday,0,highway,3,0,fog,low,24,low,distraction,minor,3,2,0,0.45
212,Mumbai,Maharashtra,18.845526,72.792846,2024-05-06,15:00:00,Monday,0,urban,5,1,fog,low,31,low,distraction,major,2,0,0,0.45
213,Pune,Maharashtra,18.449045,73.963577,2022-12-17,20:00:00,Saturday,1,rural,2,1,rain,low,22,low,poor road,major,3,1,0,0.45
214,Chennai,Tamil Nadu,12.861288,80.167097,2022-01-18,02:00:00,Tuesday,0,highway,1,1,rain,low,29,medium,poor road,minor,5,5,0,0.45
215,Pune,Maharashtra,18.618088,73.989576,2024-06-01,08:00:00,Saturday,1,urban,3,1,fog,low,28,high,drunk driving,minor,3,0,1,0.8
216,Bangalore,Karnataka,13.09534,77.402311,2024-11-27,02:00:00,Wednesday,0,rural,5,0,clear,high,34,low,weather,major,5,5,0,0.1
217,Delhi,Delhi,28.694773,77.138622,2023-02-25,18:00:00,Saturday,1,rural,3,0,rain,low,35,high,distraction,minor,2,1,1,0.8
218,Chandigarh,Punjab,30.75305,76.886282,2024-10-10,17:00:00,Thursday,0,highway,5,1,fog,low,19,high,distraction,major,2,1,1,0.8
219,Bangalore,Karnataka,12.888723,77.598691,2023-08-05,23:00:00,Saturday,1,highway,5,0,rain,medium,25,high,weather,fatal,1,1,0,0.65
220,Mumbai,Maharashtra,18.960845,72.922053,2024-09-24,21:00:00,Tuesday,0,rural,4,1,clear,high,33,high,drunk driving,minor,2,0,0,0.3
221,Bangalore,Karnataka,12.966,77.42648,2023-10-28,18:00:00,Saturday,1,highway,4,0,fog,low,17,medium,weather,minor,1,1,1,0.6
222,Chennai,Tamil Nadu,13.059482,80.132694,2022-12-30,19:00:00,Friday,0,highway,4,0,fog,low,29,high,weather,major,5,4,1,0.8
223,Pune,Maharashtra,18.479836,73.980057,2023-08-07,23:00:00,Monday,0,rural,5,1,fog,low,34,medium,weather,major,2,1,0,0.45
224,Delhi,Delhi,28.570297,77.25409,2023-04-12,10:00:00,Wednesday,0,highway,6,1,fog,low,35,medium,drunk driving,minor,2,1,1,0.6
225,Mumbai,Maharashtra,19.147537,72.781967,2023-10-19,06:00:00,Thursday,0,rural,2,1,rain,medium,36,high,poor road,minor,4,4,0,0.45
226,Chennai,Tamil Nadu,12.931329,80.177908,2024-09-28,22:00:00,Saturday,1,highway,4,1,rain,medium,26,medium,weather,minor,2,0,0,0.25
227,Chennai,Tamil Nadu,12.931505,80.204867,2023-05-01,18:00:00,Monday,0,rural,2,1,rain,low,28,medium,drunk driving,major,3,2,1,0.6
228,Chennai,Tamil Nadu,12.826312,80.207278,2022-01-14,03:00:00,Friday,0,urban,6,0,clear,high,35,medium,drunk driving,minor,3,1,0,0.1
229,Hyderabad,Telangana,17.227437,78.332683,2024-10-12,13:00:00,Saturday,1,rural,4,0,clear,high,38,high,distraction,major,1,1,0,0.3
230,Pune,Maharashtra,18.511753,73.872341,2024-03-30,11:00:00,Saturday,1,urban,2,1,rain,low,28,high,poor road,minor,1,1,0,0.65
231,Bangalore,Karnataka,13.166458,77.645976,2022-11-08,00:00:00,Tuesday,0,rural,5,0,fog,low,39,low,weather,major,4,0,0,0.45
232,Hyderabad,Telangana,17.230262,78.253208,2022-07-11,00:00:00,Monday,0,urban,3,1,clear,high,23,low,overspeeding,fatal,1,1,0,0.3
233,Chennai,Tamil Nadu,13.101426,80.265354,2022-11-27,09:00:00,Sunday,1,urban,1,1,rain,low,23,medium,poor road,minor,3,2,1,0.6
234,Chandigarh,Punjab,30.621868,76.767922,2024-02-18,14:00:00,Sunday,1,highway,3,0,fog,low,32,low,poor road,major,2,2,0,0.45
235,Chennai,Tamil Nadu,13.104646,80.294344,2024-05-23,07:00:00,Thursday,0,urban,3,0,fog,low,16,high,drunk driving,major,3,2,0,0.65
236,Bangalore,Karnataka,13.160679,77.450578,2022-08-14,17:00:00,Sunday,1,urban,2,0,clear,high,30,medium,overspeeding,major,5,4,1,0.25
237,Kolkata,West Bengal,22.421859,88.374025,2022-05-05,09:00:00,Thursday,0,highway,3,1,clear,high,31,medium,overspeeding,major,1,1,1,0.25
238,Delhi,Delhi,28.691978,77.169403,2023-01-03,21:00:00,Tuesday,0,urban,3,0,fog,low,26,high,poor road,major,1,1,0,0.65
239,Kolkata,West Bengal,22.582986,88.286863,2024-09-20,06:00:00,Friday,0,urban,1,0,clear,high,29,low,overspeeding,fatal,1,1,0,0.3
240,Mumbai,Maharashtra,19.000379,72.96346,2023-10-26,17:00:00,Thursday,0,rural,1,0,rain,low,20,high,weather,minor,4,4,1,0.8
241,Mumbai,Maharashtra,18.844068,72.948507,2023-01-06,07:00:00,Friday,0,urban,2,0,rain,low,26,high,poor road,major,4,2,0,0.65
242,Chandigarh,Punjab,30.722768,76.846181,2023-05-04,04:00:00,Thursday,0,rural,3,0,fog,low,40,medium,distraction,major,4,2,0,0.45
243,Chandigarh,Punjab,30.726192,76.756446,2022-12-18,08:00:00,Sunday,1,rural,5,0,clear,high,40,medium,weather,minor,4,0,1,0.25
244,Kolkata,West Bengal,22.542146,88.249395,2024-08-13,11:00:00,Tuesday,0,rural,1,0,rain,medium,20,high,overspeeding,minor,2,1,0,0.45
245,Chennai,Tamil Nadu,12.979934,80.258425,2022-06-29,16:00:00,Wednesday,0,rural,3,0,fog,low,28,medium,overspeeding,major,4,2,0,0.45
246,Kolkata,West Bengal,22.691684,88.380487,2024-08-04,15:00:00,Sunday,1,highway,3,1,fog,low,23,medium,overspeeding,minor,2,1,0,0.45
247,Pune,Maharashtra,18.554742,73.846455,2022-02-27,05:00:00,Sunday,1,rural,1,0,fog,low,26,high,drunk driving,minor,2,0,0,0.65
248,Pune,Maharashtra,18.492599,73.918395,2023-12-01,08:00:00,Friday,0,urban,3,0,rain,low,35,high,drunk driving,minor,5,3,1,0.8
249,Bangalore,Karnataka,12.87812,77.75548,2022-11-22,11:00:00,Tuesday,0,highway,2,0,rain,medium,15,high,poor road,minor,1,1,0,0.45
250,Kolkata,West Bengal,22.628792,88.377574,2024-12-20,11:00:00,Friday,0,highway,2,0,fog,low,30,high,overspeeding,minor,3,2,0,0.65
251,Delhi,Delhi,28.42531,76.842778,2024-12-22,06:00:00,Sunday,1,highway,4,1,fog,low,24,medium,overspeeding,minor,5,0,0,0.45
252,Chennai,Tamil Nadu,13.07404,80.152144,2022-12-30,20:00:00,Friday,0,rural,3,0,clear,high,28,medium,drunk driving,minor,2,1,0,0.1
253,Delhi,Delhi,28.403747,76.847221,2024-04-27,02:00:00,Saturday,1,rural,5,0,rain,low,37,low,weather,major,5,3,0,0.45
254,Mumbai,Maharashtra,19.150088,72.702839,2023-10-20,20:00:00,Friday,0,highway,3,0,fog,low,37,high,weather,major,5,0,0,0.65
255,Mumbai,Maharashtra,19.035655,72.955069,2022-01-01,06:00:00,Saturday,1,highway,4,0,clear,high,29,low,drunk driving,minor,5,5,0,0.1
256,Chennai,Tamil Nadu,12.911957,80.196891,2023-05-21,18:00:00,Sunday,1,urban,5,0,rain,medium,40,low,drunk driving,minor,1,1,1,0.4
257,Delhi,Delhi,28.472435,77.19605,2022-05-16,01:00:00,Monday,0,highway,5,0,fog,low,26,high,overspeeding,minor,5,4,0,0.65
258,Chandigarh,Punjab,30.6107,76.703665,2024-07-11,15:00:00,Thursday,0,urban,5,0,fog,low,21,high,poor road,minor,5,5,0,0.65
259,Delhi,Delhi,28.404569,76.804829,2022-06-16,11:00:00,Thursday,0,rural,4,0,clear,high,34,high,drunk driving,fatal,3,3,0,0.5
260,Chandigarh,Punjab,30.63764,76.825478,2023-03-23,14:00:00,Thursday,0,rural,6,1,fog,low,31,low,drunk driving,major,4,3,0,0.45
261,Mumbai,Maharashtra,19.115596,72.802382,2022-07-04,07:00:00,Monday,0,rural,4,0,clear,high,25,medium,distraction,major,1,0,0,0.1
262,Pune,Maharashtra,18.695595,73.868888,2022-05-26,12:00:00,Thursday,0,rural,6,0,fog,low,30,medium,overspeeding,minor,4,4,0,0.45
263,Kolkata,West Bengal,22.494643,88.492238,2024-02-24,17:00:00,Saturday,1,highway,6,1,clear,high,21,medium,weather,minor,4,2,1,0.25
264,Chandigarh,Punjab,30.734981,76.773993,2024-09-07,14:00:00,Saturday,1,highway,4,1,rain,medium,20,low,distraction,minor,5,1,0,0.25
265,Chandigarh,Punjab,30.711487,76.846221,2023-11-27,00:00:00,Monday,0,rural,3,1,clear,high,25,high,distraction,fatal,4,4,0,0.5
266,Chennai,Tamil Nadu,12.968853,80.196115,2024-10-15,01:00:00,Tuesday,0,urban,3,0,fog,low,30,low,poor road,major,3,3,0,0.45
267,Kolkata,West Bengal,22.63079,88.274384,2023-03-20,20:00:00,Monday,0,highway,4,1,fog,low,31,medium,poor road,major,4,2,0,0.45
268,Chandigarh,Punjab,30.671217,76.878695,2025-02-12,17:00:00,Wednesday,0,rural,3,0,fog,low,34,high,poor road,minor,3,3,1,0.8
269,Bangalore,Karnataka,12.933538,77.737824,2025-01-04,18:00:00,Saturday,1,rural,5,0,clear,high,16,medium,overspeeding,minor,3,3,1,0.25
270,Bangalore,Karnataka,12.934971,77.501295,2024-07-23,03:00:00,Tuesday,0,urban,6,0,rain,low,35,low,overspeeding,fatal,3,3,0,0.65
271,Bangalore,Karnataka,13.088481,77.401871,2023-03-17,22:00:00,Friday,0,highway,4,0,rain,low,32,medium,overspeeding,fatal,4,4,0,0.65
272,Chennai,Tamil Nadu,13.032356,80.200645,2022-06-01,13:00:00,Wednesday,0,urban,4,0,clear,high,24,low,drunk driving,minor,4,2,0,0.1
273,Pune,Maharashtra,18.685749,73.854341,2024-04-08,21:00:00,Monday,0,rural,2,0,fog,low,32,low,poor road,major,2,1,0,0.45
274,Chandigarh,Punjab,30.600709,76.788381,2023-04-12,17:00:00,Wednesday,0,rural,2,1,fog,low,29,high,distraction,minor,2,2,1,0.8
275,Chennai,Tamil Nadu,12.865666,80.225481,2023-12-06,02:00:00,Wednesday,0,rural,1,1,rain,low,30,low,weather,minor,5,3,0,0.45
276,Chennai,Tamil Nadu,13.125687,80.288644,2022-04-07,14:00:00,Thursday,0,urban,5,0,fog,low,19,high,weather,major,1,0,0,0.65
277,Chandigarh,Punjab,30.615981,76.703249,2023-10-07,01:00:00,Saturday,1,rural,3,1,rain,low,30,low,distraction,fatal,3,3,0,0.65
278,Kolkata,West Bengal,22.449438,88.268509,2023-05-14,20:00:00,Sunday,1,highway,4,0,fog,low,27,medium,drunk driving,major,3,3,0,0.45
279,Bangalore,Karnataka,12.906665,77.751883,2024-07-10,05:00:00,Wednesday,0,highway,6,1,fog,low,36,low,overspeeding,minor,2,2,0,0.45
280,Bangalore,Karnataka,12.854596,77.734873,2023-04-08,09:00:00,Saturday,1,highway,4,1,fog,low,30,medium,poor road,minor,4,2,1,0.6
281,Hyderabad,Telangana,17.453228,78.354267,2023-03-18,09:00:00,Saturday,1,urban,3,0,rain,low,30,high,overspeeding,major,4,1,1,0.8
282,Chandigarh,Punjab,30.689908,76.86273,2023-05-08,11:00:00,Monday,0,urban,1,1,rain,low,16,high,drunk driving,minor,5,4,0,0.65
283,Mumbai,Maharashtra,18.918465,72.813324,2024-09-11,02:00:00,Wednesday,0,urban,6,0,fog,low,33,high,distraction,minor,4,4,0,0.65
284,Pune,Maharashtra,18.50586,73.779004,2023-09-14,18:00:00,Thursday,0,highway,5,1,rain,low,24,medium,weather,major,1,1,1,0.6
285,Pune,Maharashtra,18.432833,73.776399,2024-02-21,22:00:00,Wednesday,0,highway,2,1,rain,medium,17,high,drunk driving,minor,3,3,0,0.45
286,Kolkata,West Bengal,22.542201,88.296251,2022-07-08,11:00:00,Friday,0,rural,5,0,clear,high,15,high,poor road,major,4,0,0,0.3
287,Delhi,Delhi,28.656319,77.232117,2022-12-08,09:00:00,Thursday,0,highway,1,0,clear,high,18,medium,drunk driving,minor,4,1,1,0.25
288,Mumbai,Maharashtra,18.87409,72.939462,2022-12-03,04:00:00,Saturday,1,rural,3,1,rain,low,38,low,distraction,major,2,1,0,0.45
289,Pune,Maharashtra,18.460951,73.781916,2023-12-03,14:00:00,Sunday,1,highway,5,1,rain,medium,34,medium,overspeeding,minor,1,0,0,0.25
290,Mumbai,Maharashtra,19.160639,72.885188,2022-01-25,10:00:00,Tuesday,0,highway,3,1,fog,low,15,low,distraction,major,4,2,1,0.6
291,Delhi,Delhi,28.505662,76.960158,2024-09-05,11:00:00,Thursday,0,urban,6,1,fog,low,35,medium,drunk driving,fatal,4,4,0,0.65
292,Mumbai,Maharashtra,18.803394,72.756475,2024-11-11,05:00:00,Monday,0,highway,1,1,rain,medium,37,medium,poor road,fatal,4,4,0,0.45
293,Chennai,Tamil Nadu,13.030792,80.290558,2023-08-10,09:00:00,Thursday,0,rural,1,0,fog,low,27,medium,distraction,minor,1,0,1,0.6
294,Mumbai,Maharashtra,18.922093,72.940473,2024-09-10,00:00:00,Tuesday,0,highway,5,0,fog,low,28,medium,weather,major,4,4,0,0.45
295,Chandigarh,Punjab,30.632006,76.795028,2024-10-24,22:00:00,Thursday,0,urban,2,0,fog,low,22,low,overspeeding,minor,2,0,0,0.45
296,Mumbai,Maharashtra,18.942286,72.710271,2024-05-30,16:00:00,Thursday,0,highway,5,1,rain,medium,37,medium,distraction,minor,3,2,0,0.25
297,Kolkata,West Bengal,22.419317,88.310364,2024-11-11,23:00:00,Monday,0,urban,3,0,fog,low,19,low,drunk driving,major,2,1,0,0.45
298,Mumbai,Maharashtra,19.277319,72.843699,2022-02-05,23:00:00,Saturday,1,rural,5,0,clear,high,38,high,poor road,minor,5,4,0,0.3
299,Chandigarh,Punjab,30.616643,76.869914,2022-02-06,12:00:00,Sunday,1,urban,4,0,rain,medium,31,high,overspeeding,minor,4,2,0,0.45
300,Pune,Maharashtra,18.513383,73.728215,2023-06-03,16:00:00,Saturday,1,rural,1,1,rain,medium,20,high,drunk driving,minor,2,2,0,0.45
301,Kolkata,West Bengal,22.542294,88.440962,2022-12-16,09:00:00,Friday,0,rural,6,1,rain,low,33,medium,poor road,fatal,3,3,1,0.8
302,Kolkata,West Bengal,22.578646,88.267103,2022-04-28,01:00:00,Thursday,0,rural,3,1,clear,high,31,low,poor road,minor,2,0,0,0.1
303,Mumbai,Maharashtra,18.904696,72.929499,2023-11-06,23:00:00,Monday,0,highway,1,0,clear,high,23,low,weather,minor,3,1,0,0.1
304,Chennai,Tamil Nadu,13.158922,80.282375,2022-11-14,09:00:00,Monday,0,urban,3,1,clear,high,25,high,weather,major,1,1,1,0.45
305,Chandigarh,Punjab,30.666974,76.757047,2023-07-30,09:00:00,Sunday,1,highway,4,1,fog,low,37,high,weather,minor,2,0,1,0.8
306,Chandigarh,Punjab,30.655634,76.703463,2024-07-31,12:00:00,Wednesday,0,urban,4,1,fog,low,19,medium,drunk driving,fatal,5,5,0,0.65
307,Bangalore,Karnataka,13.070817,77.754253,2024-10-09,02:00:00,Wednesday,0,highway,6,0,fog,low,17,high,overspeeding,major,4,3,0,0.65
308,Kolkata,West Bengal,22.617531,88.294685,2022-11-28,01:00:00,Monday,0,urban,2,0,fog,low,21,low,drunk driving,minor,4,3,0,0.45
309,Chandigarh,Punjab,30.767989,76.78677,2023-03-02,11:00:00,Thursday,0,highway,2,1,clear,high,36,medium,drunk driving,minor,1,0,0,0.1
310,Chandigarh,Punjab,30.751536,76.828455,2022-04-11,21:00:00,Monday,0,rural,3,1,fog,low,22,high,weather,minor,2,2,0,0.65
311,Chandigarh,Punjab,30.725966,76.873965,2024-03-24,07:00:00,Sunday,1,rural,2,0,rain,medium,20,medium,weather,major,1,1,0,0.25
312,Hyderabad,Telangana,17.474242,78.535552,2023-05-16,12:00:00,Tuesday,0,rural,1,1,rain,medium,15,high,weather,major,2,2,0,0.45
313,Chennai,Tamil Nadu,13.087316,80.226797,2022-04-26,06:00:00,Tuesday,0,urban,4,1,fog,low,39,medium,poor road,major,1,0,0,0.45
314,Kolkata,West Bengal,22.505115,88.233239,2024-07-31,02:00:00,Wednesday,0,highway,5,1,clear,high,39,low,poor road,minor,5,0,0,0.1
315,Mumbai,Maharashtra,18.81774,72.773961,2024-09-05,22:00:00,Thursday,0,rural,1,1,rain,medium,19,low,drunk driving,major,2,2,0,0.25
316,Delhi,Delhi,28.867743,76.854527,2023-04-24,07:00:00,Monday,0,rural,4,0,fog,low,39,medium,weather,fatal,1,1,0,0.65
317,Pune,Maharashtra,18.660086,73.810194,2022-03-22,01:00:00,Tuesday,0,urban,2,1,rain,low,20,low,drunk driving,major,3,2,0,0.45
318,Mumbai,Maharashtra,19.27562,72.80497,2024-01-17,16:00:00,Wednesday,0,rural,2,0,clear,high,26,medium,poor road,minor,3,1,0,0.1
319,Chennai,Tamil Nadu,12.934717,80.259504,2022-10-04,02:00:00,Tuesday,0,highway,5,1,clear,high,19,high,overspeeding,major,3,3,0,0.3
320,Chandigarh,Punjab,30.655311,76.714474,2023-02-19,15:00:00,Sunday,1,urban,3,1,fog,low,26,low,overspeeding,fatal,3,3,0,0.65
321,Bangalore,Karnataka,12.852964,77.561684,2022-08-15,18:00:00,Monday,0,rural,5,1,fog,low,27,high,poor road,major,2,2,1,0.8
322,Pune,Maharashtra,18.46926,73.979581,2022-02-21,18:00:00,Monday,0,highway,3,0,clear,high,20,high,weather,minor,1,0,1,0.45
323,Delhi,Delhi,28.824805,77.267512,2022-05-07,16:00:00,Saturday,1,highway,6,1,clear,high,34,low,overspeeding,minor,2,0,0,0.1
324,Chennai,Tamil Nadu,12.865026,80.224187,2025-04-10,21:00:00,Thursday,0,rural,3,1,clear,high,17,low,weather,minor,1,0,0,0.1
325,Kolkata,West Bengal,22.423409,88.23046,2023-01-30,04:00:00,Monday,0,highway,5,0,clear,high,39,low,drunk driving,minor,2,1,0,0.1
326,Chennai,Tamil Nadu,12.979773,80.125904,2024-11-01,15:00:00,Friday,0,urban,5,1,fog,low,32,low,weather,minor,1,1,0,0.55
327,Chandigarh,Punjab,30.796737,76.773533,2024-06-24,14:00:00,Monday,0,rural,4,1,rain,medium,31,low,weather,major,3,3,0,0.25
328,Mumbai,Maharashtra,19.025583,72.703921,2022-02-27,14:00:00,Sunday,1,rural,5,1,clear,high,23,medium,weather,minor,4,1,0,0.1
329,Pune,Maharashtra,18.421265,73.710506,2022-11-03,03:00:00,Thursday,0,urban,6,1,fog,low,32,low,poor road,major,3,1,0,0.45
330,Hyderabad,Telangana,17.510543,78.427133,2022-08-24,03:00:00,Wednesday,0,highway,5,0,fog,low,37,low,poor road,minor,2,2,0,0.45
331,Mumbai,Maharashtra,19.093059,72.74776,2023-03-06,08:00:00,Monday,0,urban,6,0,fog,low,21,medium,drunk driving,fatal,1,1,1,0.8
332,Kolkata,West Bengal,22.68123,88.384248,2023-04-02,20:00:00,Sunday,1,highway,3,0,clear,high,27,low,weather,fatal,2,2,0,0.3
333,Kolkata,West Bengal,22.403454,88.206231,2024-11-26,11:00:00,Tuesday,0,urban,6,1,rain,low,29,low,overspeeding,minor,3,2,0,0.45
334,Pune,Maharashtra,18.580848,73.876593,2024-05-11,21:00:00,Saturday,1,rural,2,0,clear,high,38,low,weather,minor,5,5,0,0.1
335,Pune,Maharashtra,18.404333,73.812579,2024-07-09,22:00:00,Tuesday,0,highway,2,1,clear,high,27,high,distraction,major,5,4,0,0.3
336,Pune,Maharashtra,18.612059,73.719751,2024-12-10,03:00:00,Tuesday,0,rural,6,1,fog,low,27,low,weather,minor,5,2,0,0.45
337,Pune,Maharashtra,18.464387,73.94994,2022-02-03,11:00:00,Thursday,0,urban,1,1,rain,low,30,medium,poor road,major,2,0,0,0.45
338,Bangalore,Karnataka,13.130325,77.446646,2023-02-06,09:00:00,Monday,0,urban,5,1,fog,low,21,medium,poor road,minor,2,1,1,0.6
339,Hyderabad,Telangana,17.269165,78.502459,2023-09-04,20:00:00,Monday,0,urban,3,1,fog,low,22,medium,overspeeding,major,1,1,0,0.45
340,Pune,Maharashtra,18.623789,73.873265,2022-01-31,18:00:00,Monday,0,rural,5,0,fog,low,20,medium,poor road,minor,5,3,1,0.6
341,Hyderabad,Telangana,17.527114,78.530469,2022-01-02,21:00:00,Sunday,1,rural,4,0,clear,high,30,low,drunk driving,minor,3,1,0,0.1
342,Delhi,Delhi,28.743818,77.084342,2024-06-14,15:00:00,Friday,0,urban,3,0,rain,low,28,medium,drunk driving,major,4,4,0,0.45
343,Delhi,Delhi,28.650713,76.817058,2024-02-25,09:00:00,Sunday,1,rural,6,1,rain,medium,25,high,drunk driving,minor,4,0,1,0.6
344,Chandigarh,Punjab,30.658244,76.853188,2024-06-24,15:00:00,Monday,0,urban,6,1,fog,low,39,high,distraction,minor,4,0,0,0.65
345,Kolkata,West Bengal,22.624284,88.344232,2024-03-25,11:00:00,Monday,0,rural,3,0,fog,low,27,low,drunk driving,fatal,4,4,0,0.75
346,Pune,Maharashtra,18.409953,73.994189,2024-07-21,12:00:00,Sunday,1,rural,2,1,rain,medium,17,medium,distraction,minor,3,2,0,0.25
347,Pune,Maharashtra,18.65561,73.751185,2023-01-14,08:00:00,Saturday,1,highway,2,0,fog,low,25,medium,drunk driving,minor,1,1,1,0.6
348,Chennai,Tamil Nadu,12.880956,80.246202,2025-03-21,19:00:00,Friday,0,urban,4,0,fog,low,26,medium,weather,fatal,1,1,1,0.8
349,Kolkata,West Bengal,22.460049,88.33137,2025-02-01,01:00:00,Saturday,1,urban,3,0,rain,low,22,high,drunk driving,minor,1,1,0,0.65
350,Delhi,Delhi,28.819006,76.807353,2025-01-19,00:00:00,Sunday,1,highway,4,0,rain,low,30,low,poor road,minor,2,0,0,0.45
351,Hyderabad,Telangana,17.441486,78.243836,2023-03-01,15:00:00,Wednesday,0,highway,1,1,rain,medium,40,low,overspeeding,minor,3,0,0,0.25
352,Bangalore,Karnataka,13.071506,77.582699,2023-10-09,19:00:00,Monday,0,rural,3,0,clear,high,30,medium,poor road,fatal,4,4,1,0.45
353,Chandigarh,Punjab,30.711408,76.707882,2025-02-16,13:00:00,Sunday,1,rural,5,0,clear,high,18,low,weather,minor,5,3,0,0.1
354,Chennai,Tamil Nadu,12.952895,80.171875,2025-01-17,19:00:00,Friday,0,rural,1,1,rain,medium,22,medium,distraction,minor,5,3,1,0.4
355,Hyderabad,Telangana,17.462352,78.560305,2022-09-14,10:00:00,Wednesday,0,urban,4,0,clear,high,28,high,distraction,major,5,5,1,0.45
356,Delhi,Delhi,28.4982,77.020293,2024-10-27,15:00:00,Sunday,1,urban,4,1,rain,low,37,high,weather,minor,5,5,0,0.65
357,Delhi,Delhi,28.89123,77.289334,2024-02-03,07:00:00,Saturday,1,urban,1,1,clear,high,25,medium,overspeeding,minor,5,1,0,0.1
358,Chandigarh,Punjab,30.673074,76.772135,2023-01-06,18:00:00,Friday,0,highway,5,1,rain,low,22,high,distraction,major,3,0,1,0.8
359,Kolkata,West Bengal,22.574229,88.208361,2024-08-06,13:00:00,Tuesday,0,highway,1,0,fog,low,38,high,poor road,major,4,3,0,0.65
360,Mumbai,Maharashtra,19.206387,72.76094,2024-10-14,19:00:00,Monday,0,rural,3,1,clear,high,38,medium,distraction,major,5,1,1,0.25
361,Chennai,Tamil Nadu,12.987532,80.20733,2023-09-26,07:00:00,Tuesday,0,highway,3,1,rain,medium,28,high,poor road,major,1,1,0,0.45
362,Chennai,Tamil Nadu,13.147207,80.153679,2023-03-13,06:00:00,Monday,0,highway,1,1,rain,medium,23,high,weather,minor,4,0,0,0.45
363,Kolkata,West Bengal,22.464831,88.413777,2022-06-18,15:00:00,Saturday,1,rural,3,0,fog,low,27,medium,distraction,major,4,0,0,0.45
364,Chandigarh,Punjab,30.701537,76.755897,2023-01-08,14:00:00,Sunday,1,urban,1,1,clear,high,25,low,distraction,minor,1,1,0,0.1
365,Chennai,Tamil Nadu,13.114273,80.249777,2022-08-28,20:00:00,Sunday,1,urban,5,0,clear,high,40,low,overspeeding,major,3,1,0,0.1
366,Kolkata,West Bengal,22.415844,88.203608,2022-08-11,17:00:00,Thursday,0,urban,1,1,fog,low,17,high,overspeeding,minor,5,1,1,0.8
367,Bangalore,Karnataka,13.028376,77.625565,2023-06-19,18:00:00,Monday,0,highway,1,0,fog,low,39,high,drunk driving,major,4,0,1,0.8
368,Chandigarh,Punjab,30.789743,76.765097,2024-08-14,13:00:00,Wednesday,0,rural,1,1,fog,low,27,high,poor road,major,1,0,0,0.65
369,Pune,Maharashtra,18.47126,73.729648,2022-09-01,01:00:00,Thursday,0,urban,3,1,fog,low,29,low,weather,minor,3,0,0,0.45
370,Chandigarh,Punjab,30.674064,76.776373,2022-04-05,21:00:00,Tuesday,0,rural,5,1,rain,medium,39,low,weather,minor,2,0,0,0.25
371,Delhi,Delhi,28.654726,76.86286,2023-07-06,02:00:00,Thursday,0,urban,2,0,clear,high,21,medium,distraction,major,1,0,0,0.1
372,Delhi,Delhi,28.544843,76.914438,2024-02-25,19:00:00,Sunday,1,urban,2,1,clear,high,33,medium,overspeeding,major,5,3,1,0.25
373,Mumbai,Maharashtra,19.057954,72.75712,2023-04-13,02:00:00,Thursday,0,rural,5,1,fog,low,28,low,overspeeding,minor,4,0,0,0.45
374,Hyderabad,Telangana,17.465522,78.468433,2024-01-25,11:00:00,Thursday,0,urban,4,1,fog,low,37,high,distraction,major,3,2,0,0.65
375,Bangalore,Karnataka,12.947882,77.70417,2023-05-28,20:00:00,Sunday,1,rural,2,0,clear,high,27,high,poor road,minor,5,5,0,0.3
376,Chennai,Tamil Nadu,13.15716,80.108805,2025-03-19,14:00:00,Wednesday,0,urban,6,1,rain,low,25,high,drunk driving,minor,3,0,0,0.65
377,Mumbai,Maharashtra,19.288226,72.925037,2022-12-20,08:00:00,Tuesday,0,urban,4,1,clear,high,20,high,poor road,major,3,1,1,0.45
378,Mumbai,Maharashtra,19.163928,72.942826,2023-03-16,22:00:00,Thursday,0,urban,4,0,clear,high,34,medium,overspeeding,minor,4,2,0,0.1
379,Mumbai,Maharashtra,19.204154,72.754614,2023-11-20,23:00:00,Monday,0,highway,6,1,fog,low,29,high,overspeeding,major,1,0,0,0.65
380,Pune,Maharashtra,18.545375,73.814203,2024-08-29,23:00:00,Thursday,0,highway,4,1,fog,low,34,high,poor road,fatal,5,5,0,0.85
381,Kolkata,West Bengal,22.681957,88.304039,2022-06-09,17:00:00,Thursday,0,highway,5,1,rain,medium,31,high,poor road,fatal,3,3,1,0.8
382,Chennai,Tamil Nadu,13.144941,80.121944,2023-09-28,04:00:00,Thursday,0,highway,4,0,fog,low,16,low,drunk driving,minor,5,2,0,0.45
383,Pune,Maharashtra,18.559774,73.884165,2024-10-23,14:00:00,Wednesday,0,highway,1,0,fog,low,28,high,overspeeding,minor,1,1,0,0.65
384,Hyderabad,Telangana,17.429285,78.462174,2024-11-21,14:00:00,Thursday,0,highway,1,1,clear,high,20,low,poor road,major,4,0,0,0.1
385,Hyderabad,Telangana,17.51022,78.320229,2023-09-05,10:00:00,Tuesday,0,urban,6,1,clear,high,39,high,poor road,minor,5,4,1,0.45
386,Pune,Maharashtra,18.533183,73.792839,2022-06-20,15:00:00,Monday,0,rural,4,1,rain,medium,19,medium,overspeeding,minor,2,0,0,0.25
387,Chennai,Tamil Nadu,12.910369,80.297392,2024-09-21,06:00:00,Saturday,1,urban,4,1,clear,high,23,high,overspeeding,major,1,1,0,0.3
388,Bangalore,Karnataka,13.085418,77.731694,2023-03-24,08:00:00,Friday,0,urban,6,0,clear,high,27,high,drunk driving,major,5,5,1,0.45
389,Mumbai,Maharashtra,19.25538,72.982083,2022-09-18,08:00:00,Sunday,1,urban,6,0,rain,medium,18,high,overspeeding,minor,3,3,1,0.6
390,Delhi,Delhi,28.896351,76.909336,2022-06-19,11:00:00,Sunday,1,highway,4,0,fog,low,18,medium,poor road,minor,2,1,0,0.45
391,Bangalore,Karnataka,13.018995,77.767071,2024-10-30,01:00:00,Wednesday,0,urban,6,0,fog,low,27,low,poor road,minor,5,0,0,0.45
392,Delhi,Delhi,28.534511,76.998304,2024-12-29,10:00:00,Sunday,1,rural,6,0,fog,low,33,high,distraction,major,2,1,1,0.8
393,Chandigarh,Punjab,30.747416,76.743713,2022-05-06,08:00:00,Friday,0,rural,2,0,clear,high,38,high,weather,fatal,5,5,1,0.65
394,Chennai,Tamil Nadu,13.193579,80.177155,2024-03-01,06:00:00,Friday,0,urban,2,0,clear,high,36,high,weather,major,4,3,0,0.3
395,Bangalore,Karnataka,13.155137,77.476742,2025-03-12,05:00:00,Wednesday,0,highway,6,1,fog,low,37,medium,weather,minor,3,0,0,0.45
396,Kolkata,West Bengal,22.555692,88.47553,2023-05-23,21:00:00,Tuesday,0,rural,4,0,rain,low,40,medium,drunk driving,fatal,5,5,0,0.65
397,Kolkata,West Bengal,22.410099,88.480776,2023-02-27,21:00:00,Monday,0,highway,1,1,fog,low,23,medium,poor road,minor,4,3,0,0.45
398,Kolkata,West Bengal,22.450379,88.232242,2022-05-22,08:00:00,Sunday,1,rural,2,0,clear,high,34,high,overspeeding,minor,5,3,1,0.45
399,Mumbai,Maharashtra,19.228611,72.742829,2023-05-13,16:00:00,Saturday,1,highway,4,1,rain,medium,20,medium,weather,fatal,1,1,0,0.45
400,Delhi,Delhi,28.607136,76.809087,2023-03-16,20:00:00,Thursday,0,urban,1,1,rain,low,24,medium,distraction,minor,3,3,0,0.45
401,Mumbai,Maharashtra,19.190948,72.77105,2024-03-20,17:00:00,Wednesday,0,urban,2,1,clear,high,31,high,poor road,minor,3,2,1,0.45
402,Pune,Maharashtra,18.448526,73.79873,2024-03-27,22:00:00,Wednesday,0,rural,4,1,fog,low,27,high,drunk driving,fatal,2,2,0,0.85
403,Kolkata,West Bengal,22.626785,88.286183,2022-11-19,07:00:00,Saturday,1,highway,1,0,rain,low,26,high,poor road,minor,3,0,0,0.65
404,Hyderabad,Telangana,17.469867,78.205519,2022-03-25,04:00:00,Friday,0,highway,1,1,clear,high,32,low,distraction,minor,1,0,0,0.1
405,Hyderabad,Telangana,17.266396,78.569623,2024-05-15,06:00:00,Wednesday,0,highway,5,1,fog,low,28,high,weather,major,5,2,0,0.65
406,Pune,Maharashtra,18.546225,73.940637,2023-05-27,12:00:00,Saturday,1,highway,6,1,fog,low,32,low,overspeeding,minor,3,3,0,0.45
407,Bangalore,Karnataka,13.168031,77.626681,2022-07-09,19:00:00,Saturday,1,highway,5,0,fog,low,15,low,weather,major,2,1,1,0.6
408,Hyderabad,Telangana,17.380814,78.527045,2022-08-22,10:00:00,Monday,0,highway,4,0,fog,low,35,medium,distraction,minor,2,2,1,0.6
409,Mumbai,Maharashtra,19.147308,72.717022,2023-05-23,06:00:00,Tuesday,0,highway,2,0,clear,high,28,low,drunk driving,minor,5,1,0,0.1
410,Hyderabad,Telangana,17.218976,78.371587,2023-07-01,01:00:00,Saturday,1,rural,3,0,clear,high,28,high,weather,minor,3,0,0,0.3
411,Delhi,Delhi,28.857196,76.867687,2023-11-14,07:00:00,Tuesday,0,urban,5,1,rain,low,33,low,distraction,major,2,2,0,0.45
412,Hyderabad,Telangana,17.271903,78.256815,2022-03-15,03:00:00,Tuesday,0,rural,2,1,clear,high,40,low,drunk driving,fatal,3,3,0,0.3
413,Delhi,Delhi,28.764338,77.016944,2024-11-23,18:00:00,Saturday,1,urban,4,1,fog,low,20,high,drunk driving,minor,5,0,1,0.8
414,Hyderabad,Telangana,17.501854,78.288515,2022-03-02,18:00:00,Wednesday,0,rural,3,1,fog,low,31,high,weather,minor,2,0,1,0.8
415,Hyderabad,Telangana,17.28964,78.564883,2022-07-24,00:00:00,Sunday,1,urban,6,1,rain,medium,26,low,drunk driving,fatal,2,2,0,0.45
416,Kolkata,West Bengal,22.566676,88.461604,2022-02-20,19:00:00,Sunday,1,highway,4,0,rain,medium,18,high,distraction,minor,5,5,1,0.6
417,Chandigarh,Punjab,30.713438,76.79876,2024-05-14,17:00:00,Tuesday,0,highway,3,1,clear,high,25,high,overspeeding,minor,5,2,1,0.45
418,Delhi,Delhi,28.67054,77.161424,2023-06-14,16:00:00,Wednesday,0,urban,3,1,fog,low,25,low,drunk driving,minor,3,1,0,0.45
419,Bangalore,Karnataka,12.917963,77.412591,2022-05-30,05:00:00,Monday,0,rural,5,0,fog,low,21,high,distraction,major,5,0,0,0.65
420,Hyderabad,Telangana,17.434443,78.569551,2024-03-15,00:00:00,Friday,0,highway,4,1,rain,medium,16,low,overspeeding,minor,5,5,0,0.25
421,Chennai,Tamil Nadu,12.808568,80.17975,2023-11-10,16:00:00,Friday,0,urban,5,1,clear,high,22,medium,distraction,minor,3,3,0,0.1
422,Chennai,Tamil Nadu,13.171356,80.145615,2022-09-09,05:00:00,Friday,0,rural,5,1,clear,high,40,low,distraction,minor,5,3,0,0.1
423,Hyderabad,Telangana,17.257354,78.220547,2022-07-08,10:00:00,Friday,0,urban,4,1,rain,medium,30,high,poor road,minor,2,2,1,0.6
424,Chennai,Tamil Nadu,13.087089,80.113956,2023-04-18,09:00:00,Tuesday,0,urban,3,1,rain,medium,38,high,distraction,minor,4,3,1,0.6
425,Mumbai,Maharashtra,18.927409,72.753023,2024-07-02,05:00:00,Tuesday,0,urban,1,1,rain,low,18,medium,poor road,major,2,1,0,0.45
426,Delhi,Delhi,28.608507,77.020263,2022-07-12,13:00:00,Tuesday,0,highway,6,0,rain,low,37,medium,distraction,minor,4,0,0,0.45
427,Chandigarh,Punjab,30.794258,76.895012,2023-09-23,16:00:00,Saturday,1,highway,2,0,rain,low,17,medium,overspeeding,minor,1,0,0,0.45
428,Pune,Maharashtra,18.41447,73.723653,2024-05-26,01:00:00,Sunday,1,urban,1,1,rain,medium,33,medium,weather,major,2,1,0,0.25
429,Chandigarh,Punjab,30.693733,76.792933,2022-12-16,12:00:00,Friday,0,rural,1,0,rain,low,34,high,overspeeding,minor,4,1,0,0.65
430,Pune,Maharashtra,18.637455,73.895355,2024-08-01,15:00:00,Thursday,0,highway,4,0,rain,medium,32,low,poor road,minor,5,3,0,0.25
431,Chennai,Tamil Nadu,12.994972,80.274334,2022-11-03,01:00:00,Thursday,0,highway,1,0,clear,high,23,medium,weather,major,1,0,0,0.1
432,Kolkata,West Bengal,22.602764,88.310036,2023-02-03,13:00:00,Friday,0,rural,1,1,rain,medium,31,high,overspeeding,major,3,2,0,0.45
433,Chennai,Tamil Nadu,12.822978,80.147682,2022-11-03,01:00:00,Thursday,0,rural,1,0,rain,low,15,medium,distraction,minor,5,4,0,0.45
434,Pune,Maharashtra,18.638974,73.854621,2025-04-14,07:00:00,Monday,0,rural,6,1,fog,low,23,low,drunk driving,minor,3,0,0,0.45
435,Bangalore,Karnataka,12.918688,77.421483,2023-11-29,14:00:00,Wednesday,0,highway,3,0,clear,high,22,high,drunk driving,minor,1,1,0,0.3
436,Mumbai,Maharashtra,19.292175,72.961276,2024-10-12,20:00:00,Saturday,1,rural,2,0,rain,medium,37,medium,distraction,minor,2,0,0,0.25
437,Kolkata,West Bengal,22.472822,88.343699,2022-03-08,12:00:00,Tuesday,0,urban,4,1,rain,medium,22,low,weather,major,5,2,0,0.25
438,Chandigarh,Punjab,30.606795,76.809552,2023-09-14,17:00:00,Thursday,0,highway,4,1,rain,medium,38,high,overspeeding,fatal,2,2,1,0.8
439,Pune,Maharashtra,18.564599,73.799979,2023-02-02,20:00:00,Thursday,0,urban,2,0,clear,high,24,low,weather,minor,5,0,0,0.1
440,Kolkata,West Bengal,22.4837,88.332035,2022-02-11,20:00:00,Friday,0,highway,4,1,clear,high,17,medium,overspeeding,major,2,2,0,0.1
441,Chandigarh,Punjab,30.653134,76.792216,2023-12-02,22:00:00,Saturday,1,highway,3,0,clear,high,15,high,poor road,major,4,2,0,0.3
442,Chandigarh,Punjab,30.753571,76.72288,2022-09-22,03:00:00,Thursday,0,rural,2,0,fog,low,34,low,poor road,major,5,5,0,0.45
443,Kolkata,West Bengal,22.582338,88.4844,2024-08-28,18:00:00,Wednesday,0,urban,6,1,rain,low,24,high,overspeeding,minor,2,1,1,0.8
444,Chandigarh,Punjab,30.647499,76.822427,2025-03-20,18:00:00,Thursday,0,urban,2,0,fog,low,25,high,drunk driving,fatal,2,2,1,1.0
445,Chennai,Tamil Nadu,12.929043,80.164165,2023-05-28,00:00:00,Sunday,1,rural,6,1,fog,low,25,low,distraction,minor,5,3,0,0.45
446,Delhi,Delhi,28.673621,77.237897,2025-03-09,14:00:00,Sunday,1,highway,2,0,rain,low,20,high,distraction,minor,5,4,0,0.65
447,Mumbai,Maharashtra,19.183549,72.70002,2022-10-20,17:00:00,Thursday,0,rural,3,0,fog,low,15,high,drunk driving,minor,1,0,1,0.8
448,Chandigarh,Punjab,30.736718,76.770756,2022-05-25,07:00:00,Wednesday,0,highway,1,0,rain,medium,33,high,overspeeding,minor,4,3,0,0.45
449,Kolkata,West Bengal,22.44045,88.280446,2024-05-19,22:00:00,Sunday,1,rural,3,1,fog,low,40,low,drunk driving,minor,3,0,0,0.45
450,Bangalore,Karnataka,13.001226,77.503201,2024-10-26,13:00:00,Saturday,1,rural,1,0,fog,low,32,medium,weather,minor,2,0,0,0.45
451,Pune,Maharashtra,18.672465,73.966679,2022-11-23,19:00:00,Wednesday,0,rural,6,1,rain,medium,33,high,overspeeding,minor,5,2,1,0.6
452,Delhi,Delhi,28.682106,77.222227,2023-04-13,15:00:00,Thursday,0,urban,4,1,rain,low,17,low,weather,minor,3,3,0,0.45
453,Mumbai,Maharashtra,18.901696,72.9801,2023-01-20,16:00:00,Friday,0,highway,5,1,fog,low,19,low,overspeeding,minor,2,1,0,0.45
454,Chennai,Tamil Nadu,12.873824,80.12014,2024-02-12,02:00:00,Monday,0,urban,6,0,clear,high,38,low,distraction,minor,3,2,0,0.1
455,Chennai,Tamil Nadu,13.125771,80.140205,2022-02-09,23:00:00,Wednesday,0,urban,4,1,rain,medium,15,low,weather,minor,3,3,0,0.25
456,Chandigarh,Punjab,30.719993,76.763111,2023-08-06,21:00:00,Sunday,1,highway,1,1,rain,low,20,medium,distraction,minor,5,0,0,0.45
457,Bangalore,Karnataka,12.893807,77.446713,2024-12-20,00:00:00,Friday,0,rural,6,1,fog,low,38,low,weather,minor,1,1,0,0.45
458,Chandigarh,Punjab,30.750424,76.750608,2024-12-17,02:00:00,Tuesday,0,rural,3,1,clear,high,21,low,overspeeding,major,2,1,0,0.1
459,Bangalore,Karnataka,13.010762,77.565505,2024-01-24,11:00:00,Wednesday,0,highway,1,0,rain,low,38,medium,distraction,minor,1,0,0,0.45
460,Mumbai,Maharashtra,19.1689,72.924685,2024-12-01,18:00:00,Sunday,1,rural,1,0,clear,high,22,medium,distraction,minor,1,0,1,0.25
461,Kolkata,West Bengal,22.613843,88.254254,2024-09-01,03:00:00,Sunday,1,rural,3,1,clear,high,40,low,drunk driving,minor,4,4,0,0.1
462,Kolkata,West Bengal,22.565839,88.272514,2022-11-14,11:00:00,Monday,0,highway,5,0,rain,medium,15,low,drunk driving,major,2,2,0,0.25
463,Chennai,Tamil Nadu,13.109903,80.151201,2022-03-29,19:00:00,Tuesday,0,rural,6,0,rain,medium,21,high,overspeeding,minor,1,1,1,0.6
464,Pune,Maharashtra,18.521858,73.880555,2022-08-05,15:00:00,Friday,0,rural,5,1,clear,high,18,medium,poor road,minor,4,3,0,0.1
465,Kolkata,West Bengal,22.564509,88.414116,2022-10-17,12:00:00,Monday,0,rural,3,0,clear,high,19,low,poor road,major,4,3,0,0.1
466,Hyderabad,Telangana,17.264223,78.582497,2024-02-24,23:00:00,Saturday,1,urban,6,1,fog,low,20,medium,weather,major,3,2,0,0.45
467,Kolkata,West Bengal,22.559989,88.4151,2024-10-18,12:00:00,Friday,0,urban,1,1,rain,medium,27,low,weather,minor,3,3,0,0.25
468,Chennai,Tamil Nadu,12.988869,80.247665,2023-11-21,20:00:00,Tuesday,0,urban,4,0,fog,low,24,medium,distraction,fatal,5,5,0,0.65
469,Chandigarh,Punjab,30.738182,76.71504,2023-10-05,18:00:00,Thursday,0,rural,1,1,rain,low,32,high,drunk driving,fatal,2,2,1,1.0
470,Hyderabad,Telangana,17.581124,78.474942,2022-10-13,17:00:00,Thursday,0,highway,3,1,rain,medium,34,high,overspeeding,minor,4,4,1,0.6
471,Pune,Maharashtra,18.633281,73.813585,2024-02-26,09:00:00,Monday,0,urban,4,0,rain,medium,28,high,overspeeding,minor,2,2,1,0.6
472,Bangalore,Karnataka,12.874319,77.560204,2024-08-22,21:00:00,Thursday,0,highway,5,1,clear,high,18,high,drunk driving,major,5,3,0,0.3
473,Kolkata,West Bengal,22.560204,88.468459,2024-02-09,02:00:00,Friday,0,urban,4,1,fog,low,34,low,poor road,major,4,4,0,0.45
474,Delhi,Delhi,28.778987,76.977514,2022-01-02,09:00:00,Sunday,1,rural,6,1,fog,low,20,high,drunk driving,major,4,1,1,0.8
475,Kolkata,West Bengal,22.631425,88.259076,2022-07-19,01:00:00,Tuesday,0,rural,2,0,clear,high,38,low,distraction,minor,1,1,0,0.1
476,Delhi,Delhi,28.848392,77.002975,2022-05-24,04:00:00,Tuesday,0,urban,6,1,fog,low,26,medium,poor road,minor,5,2,0,0.45
477,Mumbai,Maharashtra,18.829473,72.892258,2022-02-23,05:00:00,Wednesday,0,highway,6,1,rain,medium,21,medium,weather,fatal,4,4,0,0.45
478,Pune,Maharashtra,18.660362,73.863866,2024-11-13,02:00:00,Wednesday,0,highway,1,0,fog,low,22,low,distraction,major,1,0,0,0.45
479,Delhi,Delhi,28.495456,77.064015,2024-10-28,04:00:00,Monday,0,rural,5,1,fog,low,36,low,distraction,fatal,5,5,0,0.65
480,Kolkata,West Bengal,22.445287,88.427148,2024-05-05,09:00:00,Sunday,1,highway,5,0,fog,low,34,high,poor road,major,2,2,1,0.8
481,Hyderabad,Telangana,17.457398,78.207636,2023-12-26,03:00:00,Tuesday,0,urban,6,0,clear,high,28,low,weather,minor,2,0,0,0.1
482,Chennai,Tamil Nadu,12.839362,80.263658,2025-02-05,07:00:00,Wednesday,0,rural,1,0,rain,medium,34,medium,distraction,fatal,2,2,0,0.45
483,Kolkata,West Bengal,22.651052,88.416992,2024-01-12,09:00:00,Friday,0,urban,2,0,rain,low,26,medium,weather,minor,5,4,1,0.6
484,Chennai,Tamil Nadu,13.077407,80.263691,2023-03-05,11:00:00,Sunday,1,urban,3,1,rain,low,28,medium,weather,minor,4,1,0,0.45
485,Kolkata,West Bengal,22.527311,88.256941,2023-12-15,00:00:00,Friday,0,highway,6,1,fog,low,27,low,drunk driving,minor,2,2,0,0.45
486,Mumbai,Maharashtra,19.158541,72.929406,2023-12-14,00:00:00,Thursday,0,urban,3,1,clear,high,16,low,poor road,minor,2,2,0,0.1
487,Bangalore,Karnataka,13.060177,77.527135,2024-03-09,21:00:00,Saturday,1,rural,5,1,fog,low,16,high,overspeeding,minor,4,2,0,0.65
488,Delhi,Delhi,28.506395,77.048485,2023-03-21,08:00:00,Tuesday,0,urban,1,1,fog,low,21,medium,poor road,minor,4,1,1,0.6
489,Pune,Maharashtra,18.460897,73.900804,2022-08-18,15:00:00,Thursday,0,rural,3,1,clear,high,18,low,poor road,fatal,3,3,0,0.3
490,Chandigarh,Punjab,30.704397,76.872086,2023-01-20,22:00:00,Friday,0,highway,1,1,clear,high,28,high,overspeeding,minor,5,2,0,0.3
491,Hyderabad,Telangana,17.487653,78.541296,2023-08-16,01:00:00,Wednesday,0,highway,5,0,rain,low,39,low,drunk driving,minor,4,0,0,0.45
492,Delhi,Delhi,28.862528,76.882488,2023-08-11,04:00:00,Friday,0,urban,5,1,rain,medium,36,low,distraction,minor,1,0,0,0.25
493,Hyderabad,Telangana,17.539404,78.221201,2023-04-04,12:00:00,Tuesday,0,rural,1,0,fog,low,36,high,overspeeding,minor,1,0,0,0.65
494,Bangalore,Karnataka,13.03119,77.439954,2024-08-09,17:00:00,Friday,0,rural,1,1,rain,medium,28,high,drunk driving,major,1,1,1,0.6
495,Chennai,Tamil Nadu,13.004738,80.164282,2023-11-28,14:00:00,Tuesday,0,rural,2,1,rain,medium,21,medium,weather,minor,5,3,0,0.25
496,Pune,Maharashtra,18.408211,73.836077,2023-08-05,18:00:00,Saturday,1,highway,1,1,rain,medium,36,high,distraction,major,4,4,1,0.6
497,Hyderabad,Telangana,17.361712,78.279241,2022-08-26,22:00:00,Friday,0,rural,5,0,rain,medium,35,low,overspeeding,major,3,3,0,0.25
498,Bangalore,Karnataka,12.940417,77.683922,2022-04-16,17:00:00,Saturday,1,highway,6,0,rain,low,30,high,overspeeding,minor,4,0,1,0.8
499,Hyderabad,Telangana,17.310556,78.405671,2022-03-02,22:00:00,Wednesday,0,urban,1,0,clear,high,26,low,poor road,minor,1,0,0,0.1
500,Hyderabad,Telangana,17.318148,78.55434,2022-05-16,12:00:00,Monday,0,urban,6,1,rain,low,17,medium,poor road,fatal,5,5,0,0.65
501,Bangalore,Karnataka,13.038925,77.471671,2024-11-27,17:00:00,Wednesday,0,highway,1,1,fog,low,21,high,weather,minor,3,1,1,0.8
502,Mumbai,Maharashtra,19.058781,72.937114,2022-05-29,10:00:00,Sunday,1,highway,3,1,rain,low,16,medium,overspeeding,fatal,4,4,1,0.8
503,Mumbai,Maharashtra,18.867672,72.800601,2024-05-30,10:00:00,Thursday,0,urban,5,0,fog,low,39,medium,distraction,minor,1,1,1,0.6
504,Bangalore,Karnataka,12.935809,77.79042,2024-07-18,10:00:00,Thursday,0,rural,2,0,fog,low,34,high,distraction,fatal,2,2,1,1.0
505,Delhi,Delhi,28.65434,76.812615,2024-07-29,03:00:00,Monday,0,highway,2,0,rain,low,35,low,poor road,minor,1,1,0,0.45
506,Chennai,Tamil Nadu,12.973499,80.109124,2023-09-28,09:00:00,Thursday,0,highway,1,1,fog,low,37,high,poor road,major,2,1,1,0.8
507,Hyderabad,Telangana,17.557086,78.478082,2022-06-23,13:00:00,Thursday,0,urban,4,1,rain,low,37,medium,weather,major,4,0,0,0.45
508,Mumbai,Maharashtra,19.090579,72.834043,2022-03-02,13:00:00,Wednesday,0,urban,5,0,clear,high,27,medium,overspeeding,minor,1,1,0,0.1
509,Mumbai,Maharashtra,19.041897,72.719868,2023-05-17,07:00:00,Wednesday,0,rural,6,0,fog,low,32,high,drunk driving,fatal,5,5,0,0.85
510,Delhi,Delhi,28.687821,76.875014,2022-06-09,19:00:00,Thursday,0,highway,1,0,clear,high,32,medium,poor road,fatal,4,4,1,0.45
511,Pune,Maharashtra,18.493721,73.89316,2024-12-12,02:00:00,Thursday,0,urban,3,0,clear,high,16,medium,drunk driving,minor,3,1,0,0.1
512,Bangalore,Karnataka,12.938471,77.569677,2024-09-06,23:00:00,Friday,0,urban,3,1,clear,high,16,low,weather,major,2,1,0,0.1
513,Mumbai,Maharashtra,19.021859,72.865643,2022-01-29,09:00:00,Saturday,1,highway,5,0,rain,low,39,low,poor road,major,4,3,1,0.6
514,Hyderabad,Telangana,17.399051,78.324222,2023-04-25,16:00:00,Tuesday,0,rural,5,1,clear,high,26,low,poor road,major,4,4,0,0.1
515,Hyderabad,Telangana,17.579808,78.226828,2024-02-24,04:00:00,Saturday,1,urban,5,1,rain,medium,32,low,weather,minor,2,2,0,0.25
516,Pune,Maharashtra,18.665048,73.711344,2023-04-18,22:00:00,Tuesday,0,highway,1,0,clear,high,35,high,distraction,minor,3,0,0,0.3
517,Chennai,Tamil Nadu,12.855499,80.235898,2025-02-22,04:00:00,Saturday,1,urban,4,0,clear,high,29,low,poor road,fatal,4,4,0,0.3
518,Delhi,Delhi,28.793572,77.033278,2022-10-17,16:00:00,Monday,0,highway,5,1,fog,low,38,medium,distraction,fatal,2,2,0,0.65
519,Pune,Maharashtra,18.64573,73.857272,2023-06-30,13:00:00,Friday,0,urban,3,1,fog,low,31,low,drunk driving,fatal,3,3,0,0.65
520,Pune,Maharashtra,18.653025,73.896448,2024-08-08,17:00:00,Thursday,0,highway,6,1,fog,low,37,low,weather,minor,2,1,1,0.6
521,Hyderabad,Telangana,17.358432,78.200209,2025-02-16,18:00:00,Sunday,1,urban,5,1,clear,high,29,medium,distraction,minor,4,0,1,0.25
522,Mumbai,Maharashtra,19.296951,72.838842,2024-06-09,08:00:00,Sunday,1,highway,5,1,clear,high,38,high,overspeeding,major,1,0,1,0.45
523,Chennai,Tamil Nadu,12.885732,80.28941,2023-12-08,22:00:00,Friday,0,urban,6,1,clear,high,26,high,drunk driving,minor,4,2,0,0.3
524,Pune,Maharashtra,18.602707,73.933327,2022-11-27,18:00:00,Sunday,1,highway,4,1,clear,high,23,high,weather,minor,4,2,1,0.45
525,Chandigarh,Punjab,30.788083,76.76479,2023-08-14,06:00:00,Monday,0,rural,4,0,fog,low,24,low,drunk driving,fatal,4,4,0,0.65
526,Bangalore,Karnataka,12.965455,77.503129,2024-04-28,17:00:00,Sunday,1,highway,3,0,fog,low,32,high,poor road,major,3,3,1,0.8
527,Hyderabad,Telangana,17.206802,78.509494,2022-12-28,04:00:00,Wednesday,0,highway,2,1,fog,low,39,medium,overspeeding,minor,3,3,0,0.45
528,Pune,Maharashtra,18.660781,73.793092,2024-03-01,14:00:00,Friday,0,urban,1,1,clear,high,19,medium,drunk driving,minor,3,3,0,0.1
529,Mumbai,Maharashtra,18.897726,72.821774,2025-02-15,03:00:00,Saturday,1,urban,5,0,rain,low,40,low,distraction,major,3,3,0,0.45
530,Kolkata,West Bengal,22.655639,88.262162,2022-07-13,02:00:00,Wednesday,0,highway,1,1,clear,high,25,low,distraction,major,5,1,0,0.1
531,Pune,Maharashtra,18.571685,73.96122,2024-05-06,12:00:00,Monday,0,highway,3,0,rain,medium,40,medium,weather,major,5,1,0,0.25
532,Chennai,Tamil Nadu,12.817504,80.136037,2022-09-10,17:00:00,Saturday,1,rural,6,1,rain,medium,39,medium,weather,minor,4,4,1,0.4
533,Mumbai,Maharashtra,18.904708,72.989132,2025-03-28,19:00:00,Friday,0,highway,3,1,fog,low,39,low,drunk driving,major,5,4,1,0.6
534,Mumbai,Maharashtra,18.984272,72.774002,2023-06-06,18:00:00,Tuesday,0,rural,6,1,clear,high,15,medium,poor road,major,4,1,1,0.25
535,Kolkata,West Bengal,22.557039,88.250542,2022-10-14,12:00:00,Friday,0,urban,6,0,clear,high,26,high,drunk driving,minor,2,2,0,0.3
536,Bangalore,Karnataka,12.92414,77.756905,2025-04-11,22:00:00,Friday,0,highway,3,1,fog,low,31,low,drunk driving,fatal,2,2,0,0.65
537,Mumbai,Maharashtra,19.17639,72.83154,2023-02-19,00:00:00,Sunday,1,highway,3,0,rain,low,21,low,overspeeding,minor,4,1,0,0.45
538,Chennai,Tamil Nadu,13.038197,80.150161,2022-11-28,05:00:00,Monday,0,urban,4,1,fog,low,40,low,poor road,minor,1,1,0,0.45
539,Mumbai,Maharashtra,18.877165,72.922716,2023-09-28,06:00:00,Thursday,0,urban,2,1,rain,medium,24,medium,overspeeding,major,5,0,0,0.25
540,Mumbai,Maharashtra,19.113284,72.889961,2022-01-01,21:00:00,Saturday,1,rural,6,1,rain,medium,30,high,drunk driving,major,5,3,0,0.45
541,Bangalore,Karnataka,13.13621,77.482313,2022-09-25,11:00:00,Sunday,1,highway,3,1,clear,high,28,low,weather,minor,1,1,0,0.1
542,Bangalore,Karnataka,12.810978,77.534254,2023-06-04,04:00:00,Sunday,1,highway,3,1,rain,medium,15,low,poor road,minor,5,0,0,0.25
543,Pune,Maharashtra,18.430795,73.712749,2024-09-03,19:00:00,Tuesday,0,rural,6,1,rain,medium,19,high,drunk driving,minor,4,4,1,0.6
544,Kolkata,West Bengal,22.572038,88.303193,2024-12-31,09:00:00,Tuesday,0,rural,5,0,fog,low,29,high,weather,minor,2,0,1,0.8
545,Chennai,Tamil Nadu,13.194003,80.175637,2023-08-05,02:00:00,Saturday,1,rural,5,0,rain,low,34,low,distraction,minor,1,1,0,0.45
546,Delhi,Delhi,28.831982,77.293127,2022-02-13,03:00:00,Sunday,1,highway,5,0,rain,low,30,low,distraction,fatal,4,4,0,0.65
547,Chandigarh,Punjab,30.788587,76.831434,2022-05-01,03:00:00,Sunday,1,highway,3,1,fog,low,23,medium,poor road,minor,3,1,0,0.45
548,Chandigarh,Punjab,30.649983,76.8384,2024-07-12,18:00:00,Friday,0,rural,3,1,rain,medium,27,high,overspeeding,minor,2,2,1,0.6
549,Bangalore,Karnataka,12.819454,77.621806,2025-02-02,11:00:00,Sunday,1,rural,1,0,rain,medium,21,low,distraction,major,3,1,0,0.25
550,Mumbai,Maharashtra,19.071293,72.927183,2022-11-01,21:00:00,Tuesday,0,rural,3,1,clear,high,34,low,distraction,major,3,1,0,0.1
551,Hyderabad,Telangana,17.366319,78.398514,2024-03-26,03:00:00,Tuesday,0,highway,2,0,rain,low,32,low,poor road,minor,2,1,0,0.45
552,Pune,Maharashtra,18.458585,73.737994,2024-08-29,14:00:00,Thursday,0,highway,6,1,rain,low,34,high,poor road,minor,5,3,0,0.65
553,Hyderabad,Telangana,17.446934,78.400292,2022-02-07,03:00:00,Monday,0,rural,1,0,rain,low,16,low,distraction,minor,3,3,0,0.45
554,Pune,Maharashtra,18.453923,73.778025,2022-09-11,13:00:00,Sunday,1,highway,1,1,fog,low,34,high,distraction,minor,2,2,0,0.65
555,Delhi,Delhi,28.461191,77.237754,2022-07-24,22:00:00,Sunday,1,highway,1,1,rain,medium,22,medium,poor road,fatal,2,2,0,0.45
556,Hyderabad,Telangana,17.401452,78.312458,2023-11-10,02:00:00,Friday,0,highway,6,0,fog,low,35,medium,weather,fatal,5,5,0,0.65
557,Hyderabad,Telangana,17.382132,78.299907,2023-06-07,00:00:00,Wednesday,0,urban,2,0,rain,low,16,low,weather,major,5,4,0,0.45
558,Hyderabad,Telangana,17.379493,78.584961,2024-10-21,07:00:00,Monday,0,rural,1,1,clear,high,20,low,poor road,fatal,3,3,0,0.3
559,Chennai,Tamil Nadu,12.82867,80.226388,2025-03-16,14:00:00,Sunday,1,urban,3,1,clear,high,23,low,drunk driving,fatal,5,5,0,0.3
560,Mumbai,Maharashtra,18.949404,72.878909,2023-08-09,14:00:00,Wednesday,0,highway,3,0,fog,low,27,medium,distraction,minor,1,1,0,0.45
561,Delhi,Delhi,28.606897,77.084738,2024-12-03,01:00:00,Tuesday,0,urban,5,1,fog,low,22,low,drunk driving,fatal,2,2,0,0.65
562,Chandigarh,Punjab,30.79765,76.710717,2022-03-06,05:00:00,Sunday,1,rural,1,1,fog,low,24,medium,overspeeding,minor,4,0,0,0.45
563,Chennai,Tamil Nadu,13.065036,80.225858,2022-11-23,14:00:00,Wednesday,0,rural,1,1,clear,high,39,high,distraction,minor,3,3,0,0.3
564,Kolkata,West Bengal,22.541313,88.375334,2023-08-08,19:00:00,Tuesday,0,rural,3,0,fog,low,16,high,drunk driving,major,3,0,1,0.8
565,Chandigarh,Punjab,30.691499,76.727163,2023-10-27,07:00:00,Friday,0,highway,5,1,rain,medium,32,low,distraction,major,2,0,0,0.25
566,Mumbai,Maharashtra,19.07549,72.797602,2023-10-10,06:00:00,Tuesday,0,highway,2,1,rain,low,33,high,drunk driving,major,1,0,0,0.65
567,Delhi,Delhi,28.419828,76.894595,2023-06-08,10:00:00,Thursday,0,urban,5,0,rain,low,25,high,poor road,minor,2,0,1,0.8
568,Chandigarh,Punjab,30.652057,76.724501,2025-04-05,11:00:00,Saturday,1,highway,1,1,rain,low,27,medium,poor road,fatal,1,1,0,0.65
569,Mumbai,Maharashtra,19.159709,72.713424,2022-12-02,15:00:00,Friday,0,rural,3,0,rain,low,38,medium,overspeeding,major,5,0,0,0.45
570,Pune,Maharashtra,18.401236,73.793188,2022-03-14,06:00:00,Monday,0,highway,2,0,clear,high,30,low,overspeeding,major,3,2,0,0.1
571,Mumbai,Maharashtra,18.992844,72.760452,2024-08-28,02:00:00,Wednesday,0,rural,2,0,clear,high,27,low,poor road,minor,1,0,0,0.1
572,Chandigarh,Punjab,30.745645,76.714935,2022-08-22,03:00:00,Monday,0,highway,5,0,rain,medium,34,medium,weather,major,4,1,0,0.25
573,Kolkata,West Bengal,22.43256,88.418923,2024-12-08,21:00:00,Sunday,1,urban,2,0,clear,high,27,low,poor road,fatal,4,4,0,0.3
574,Pune,Maharashtra,18.462556,73.872237,2024-12-26,06:00:00,Thursday,0,rural,2,1,rain,medium,22,high,drunk driving,minor,1,1,0,0.45
575,Chandigarh,Punjab,30.652055,76.825982,2024-04-07,00:00:00,Sunday,1,urban,4,0,clear,high,16,low,drunk driving,major,1,1,0,0.1
576,Hyderabad,Telangana,17.346346,78.357747,2025-01-25,11:00:00,Saturday,1,highway,4,1,fog,low,36,medium,drunk driving,fatal,1,1,0,0.65
577,Chennai,Tamil Nadu,13.195316,80.29898,2022-02-02,13:00:00,Wednesday,0,rural,4,0,fog,low,39,high,overspeeding,minor,3,1,0,0.65
578,Kolkata,West Bengal,22.437259,88.297527,2022-10-20,08:00:00,Thursday,0,rural,5,1,clear,high,16,high,drunk driving,minor,2,2,1,0.45
579,Mumbai,Maharashtra,19.097344,72.991926,2024-11-10,06:00:00,Sunday,1,rural,2,1,rain,low,31,medium,weather,minor,2,1,0,0.45
580,Delhi,Delhi,28.630183,76.836074,2024-11-10,11:00:00,Sunday,1,rural,5,0,rain,low,18,high,distraction,minor,1,0,0,0.65
581,Pune,Maharashtra,18.546122,73.751009,2024-02-06,02:00:00,Tuesday,0,highway,1,0,rain,medium,38,low,overspeeding,minor,4,1,0,0.25
582,Chandigarh,Punjab,30.649544,76.797061,2023-02-23,10:00:00,Thursday,0,urban,6,1,rain,low,21,high,distraction,minor,2,0,1,0.8
583,Kolkata,West Bengal,22.402947,88.323779,2023-01-09,08:00:00,Monday,0,rural,4,0,fog,low,33,medium,weather,minor,3,3,1,0.6
584,Chandigarh,Punjab,30.723144,76.776371,2022-06-02,09:00:00,Thursday,0,urban,5,1,rain,medium,24,medium,overspeeding,major,1,1,1,0.4
585,Chandigarh,Punjab,30.605893,76.703909,2022-09-08,10:00:00,Thursday,0,urban,2,0,clear,high,19,medium,poor road,minor,5,5,1,0.25
586,Chandigarh,Punjab,30.742443,76.89688,2024-09-19,15:00:00,Thursday,0,rural,3,0,clear,high,36,low,weather,major,5,4,0,0.1
587,Chandigarh,Punjab,30.790346,76.728551,2022-09-12,00:00:00,Monday,0,urban,5,0,clear,high,15,low,drunk driving,major,5,1,0,0.1
588,Delhi,Delhi,28.433237,77.08613,2023-12-23,07:00:00,Saturday,1,urban,1,1,rain,medium,17,high,drunk driving,minor,5,4,0,0.45
589,Delhi,Delhi,28.614772,76.876199,2022-11-10,20:00:00,Thursday,0,highway,1,1,fog,low,20,medium,weather,major,5,2,0,0.45
590,Delhi,Delhi,28.654869,77.28294,2024-08-19,08:00:00,Monday,0,urban,3,1,rain,medium,27,high,drunk driving,minor,2,2,1,0.6
591,Delhi,Delhi,28.606157,77.006735,2025-04-10,17:00:00,Thursday,0,rural,6,1,clear,high,39,high,poor road,fatal,2,2,1,0.65
592,Delhi,Delhi,28.801315,77.093798,2023-08-02,03:00:00,Wednesday,0,highway,4,1,clear,high,40,medium,poor road,minor,1,0,0,0.1
593,Chennai,Tamil Nadu,12.935117,80.189321,2022-03-13,01:00:00,Sunday,1,highway,6,0,fog,low,24,low,poor road,minor,4,0,0,0.45
594,Pune,Maharashtra,18.432546,73.725235,2023-08-05,23:00:00,Saturday,1,rural,2,1,fog,low,26,high,overspeeding,fatal,4,4,0,0.85
595,Chandigarh,Punjab,30.731448,76.875925,2023-10-15,11:00:00,Sunday,1,rural,2,0,fog,low,33,medium,poor road,minor,3,2,0,0.45
596,Hyderabad,Telangana,17.41493,78.293052,2022-03-26,23:00:00,Saturday,1,urban,3,0,rain,medium,27,low,overspeeding,fatal,2,2,0,0.45
597,Chandigarh,Punjab,30.657631,76.861569,2024-06-10,21:00:00,Monday,0,rural,4,0,rain,low,25,high,weather,minor,3,1,0,0.65
598,Kolkata,West Bengal,22.677292,88.426894,2022-07-18,04:00:00,Monday,0,urban,4,1,rain,low,36,low,distraction,minor,5,4,0,0.45
599,Delhi,Delhi,28.785009,76.86939,2022-04-26,01:00:00,Tuesday,0,urban,4,1,rain,medium,25,high,overspeeding,minor,1,0,0,0.45
600,Hyderabad,Telangana,17.507673,78.390292,2024-06-04,12:00:00,Tuesday,0,rural,3,1,fog,low,17,high,distraction,minor,2,0,0,0.65
601,Delhi,Delhi,28.57113,77.174163,2022-09-30,19:00:00,Friday,0,rural,3,0,rain,low,24,high,weather,minor,3,0,1,0.8
602,Kolkata,West Bengal,22.597287,88.318117,2022-04-05,17:00:00,Tuesday,0,rural,6,1,fog,low,28,medium,poor road,fatal,4,4,1,0.8
603,Hyderabad,Telangana,17.547401,78.484011,2024-03-23,22:00:00,Saturday,1,highway,3,1,clear,high,39,high,distraction,major,4,2,0,0.3
604,Chandigarh,Punjab,30.731788,76.716813,2025-01-28,02:00:00,Tuesday,0,urban,1,0,rain,low,21,low,poor road,fatal,5,5,0,0.65
605,Chandigarh,Punjab,30.709922,76.718529,2022-04-25,13:00:00,Monday,0,urban,2,0,rain,low,27,high,drunk driving,minor,2,1,0,0.65
606,Kolkata,West Bengal,22.458366,88.401007,2023-06-09,06:00:00,Friday,0,rural,2,1,rain,medium,15,high,drunk driving,major,5,5,0,0.45
607,Delhi,Delhi,28.668357,77.274587,2024-11-28,09:00:00,Thursday,0,rural,4,0,clear,high,28,medium,drunk driving,minor,1,0,1,0.25
608,Kolkata,West Bengal,22.627804,88.336734,2022-05-27,21:00:00,Friday,0,urban,2,1,fog,low,30,medium,weather,fatal,3,3,0,0.65
609,Kolkata,West Bengal,22.584957,88.403218,2023-03-22,04:00:00,Wednesday,0,urban,3,0,clear,high,20,low,drunk driving,fatal,4,4,0,0.3
610,Chandigarh,Punjab,30.640146,76.763561,2024-09-17,02:00:00,Tuesday,0,urban,5,1,rain,medium,25,low,distraction,major,1,1,0,0.25
611,Delhi,Delhi,28.423756,77.19437,2022-10-04,02:00:00,Tuesday,0,highway,6,1,fog,low,15,low,drunk driving,minor,5,1,0,0.45
612,Kolkata,West Bengal,22.57034,88.269589,2025-01-14,20:00:00,Tuesday,0,rural,3,1,fog,low,39,low,distraction,major,2,2,0,0.45
613,Chennai,Tamil Nadu,12.860229,80.110222,2024-04-17,09:00:00,Wednesday,0,rural,2,0,fog,low,18,medium,weather,major,3,1,1,0.6
614,Mumbai,Maharashtra,18.856408,72.914772,2023-04-26,17:00:00,Wednesday,0,urban,3,0,clear,high,32,high,overspeeding,major,3,0,1,0.45
615,Chandigarh,Punjab,30.651682,76.772948,2022-06-19,16:00:00,Sunday,1,urban,6,0,clear,high,36,low,distraction,major,1,0,0,0.1
616,Delhi,Delhi,28.539342,77.014773,2024-08-23,16:00:00,Friday,0,highway,5,1,fog,low,39,high,weather,fatal,4,4,0,0.85
617,Mumbai,Maharashtra,19.094879,72.771039,2024-11-23,06:00:00,Saturday,1,rural,1,0,fog,low,33,medium,poor road,minor,5,0,0,0.45
618,Bangalore,Karnataka,12.947446,77.639582,2024-12-20,21:00:00,Friday,0,highway,2,1,fog,low,40,low,overspeeding,minor,1,1,0,0.45
619,Delhi,Delhi,28.410014,77.078242,2024-01-08,01:00:00,Monday,0,urban,1,1,fog,low,16,high,drunk driving,minor,1,1,0,0.65
620,Chennai,Tamil Nadu,12.885873,80.174002,2022-11-03,16:00:00,Thursday,0,urban,6,1,rain,medium,36,low,distraction,minor,2,1,0,0.25
621,Delhi,Delhi,28.759862,77.224029,2023-07-19,23:00:00,Wednesday,0,rural,6,0,fog,low,18,low,drunk driving,minor,5,0,0,0.45
622,Bangalore,Karnataka,12.827299,77.565062,2024-04-01,02:00:00,Monday,0,rural,6,1,fog,low,21,medium,weather,major,3,1,0,0.45
623,Mumbai,Maharashtra,19.014152,72.970411,2023-08-21,09:00:00,Monday,0,rural,5,1,rain,low,34,high,poor road,major,4,1,1,0.8
624,Chandigarh,Punjab,30.625123,76.779372,2022-08-21,15:00:00,Sunday,1,rural,5,1,rain,low,24,medium,overspeeding,minor,1,1,0,0.45
625,Pune,Maharashtra,18.51204,73.984545,2024-08-19,23:00:00,Monday,0,urban,1,0,clear,high,36,medium,weather,fatal,3,3,0,0.3
626,Pune,Maharashtra,18.537592,73.768437,2025-03-21,01:00:00,Friday,0,urban,5,1,rain,medium,22,low,distraction,minor,3,3,0,0.25
627,Mumbai,Maharashtra,19.283056,72.744544,2022-01-12,18:00:00,Wednesday,0,rural,6,1,clear,high,24,high,poor road,major,2,1,1,0.45
628,Hyderabad,Telangana,17.360349,78.597545,2024-09-17,01:00:00,Tuesday,0,urban,2,0,clear,high,17,low,overspeeding,minor,5,3,0,0.1
629,Chennai,Tamil Nadu,12.995703,80.246007,2024-07-14,01:00:00,Sunday,1,urban,6,0,rain,low,33,low,drunk driving,minor,4,4,0,0.45
630,Pune,Maharashtra,18.532687,73.727303,2023-11-30,13:00:00,Thursday,0,urban,4,0,rain,low,15,low,poor road,minor,4,0,0,0.45
631,Bangalore,Karnataka,13.134811,77.461501,2023-06-06,11:00:00,Tuesday,0,highway,6,0,fog,low,26,low,overspeeding,major,3,3,0,0.45
632,Pune,Maharashtra,18.575881,73.960153,2023-11-09,16:00:00,Thursday,0,urban,4,0,rain,low,38,medium,distraction,major,4,2,0,0.45
633,Bangalore,Karnataka,12.917923,77.633189,2022-07-08,03:00:00,Friday,0,highway,2,0,fog,low,40,low,distraction,major,1,1,0,0.45
634,Chennai,Tamil Nadu,13.121114,80.196258,2023-06-07,08:00:00,Wednesday,0,highway,4,1,clear,high,33,medium,poor road,minor,3,0,1,0.25
635,Mumbai,Maharashtra,19.029433,72.832349,2023-05-16,17:00:00,Tuesday,0,highway,2,1,rain,medium,40,high,weather,minor,5,5,1,0.6
636,Chennai,Tamil Nadu,12.968258,80.278025,2022-03-16,02:00:00,Wednesday,0,highway,4,0,clear,high,30,low,drunk driving,major,3,3,0,0.1
637,Chennai,Tamil Nadu,13.152644,80.13559,2022-05-12,21:00:00,Thursday,0,urban,1,1,clear,high,32,medium,overspeeding,fatal,1,1,0,0.3
638,Kolkata,West Bengal,22.551975,88.46929,2025-02-14,11:00:00,Friday,0,urban,6,0,rain,low,34,low,weather,major,2,0,0,0.45
639,Hyderabad,Telangana,17.276563,78.481667,2024-03-31,12:00:00,Sunday,1,rural,2,1,clear,high,15,high,poor road,minor,5,4,0,0.3
640,Delhi,Delhi,28.577479,76.961609,2024-07-19,00:00:00,Friday,0,urban,3,1,clear,high,39,low,drunk driving,minor,3,1,0,0.1
641,Bangalore,Karnataka,12.891307,77.647669,2022-02-22,23:00:00,Tuesday,0,highway,4,0,rain,medium,16,low,drunk driving,minor,3,3,0,0.25
642,Hyderabad,Telangana,17.422966,78.344913,2023-10-07,15:00:00,Saturday,1,urban,4,0,clear,high,34,low,poor road,fatal,5,5,0,0.3
643,Bangalore,Karnataka,12.90506,77.758076,2022-08-13,11:00:00,Saturday,1,highway,3,0,clear,high,22,low,drunk driving,major,1,0,0,0.1
644,Chandigarh,Punjab,30.77588,76.706095,2024-01-06,07:00:00,Saturday,1,urban,6,0,fog,low,28,high,poor road,major,3,2,0,0.65
645,Pune,Maharashtra,18.579795,73.910257,2024-06-24,12:00:00,Monday,0,rural,3,1,fog,low,21,medium,drunk driving,major,5,2,0,0.45
646,Hyderabad,Telangana,17.294177,78.238318,2024-03-09,06:00:00,Saturday,1,highway,6,1,fog,low,38,low,drunk driving,fatal,4,4,0,0.65
647,Pune,Maharashtra,18.647773,73.831014,2022-01-11,01:00:00,Tuesday,0,urban,6,1,fog,low,31,low,weather,minor,5,5,0,0.45
648,Pune,Maharashtra,18.427927,73.895792,2023-05-09,18:00:00,Tuesday,0,urban,6,0,fog,low,37,high,drunk driving,minor,3,3,1,0.8
649,Delhi,Delhi,28.783445,77.103426,2022-11-03,00:00:00,Thursday,0,urban,5,0,fog,low,37,high,distraction,minor,2,1,0,0.65
650,Mumbai,Maharashtra,18.984322,72.861388,2025-01-29,09:00:00,Wednesday,0,rural,6,1,clear,high,39,medium,drunk driving,major,4,4,1,0.25
651,Pune,Maharashtra,18.609126,73.982113,2024-01-19,02:00:00,Friday,0,rural,2,1,clear,high,19,low,poor road,major,2,1,0,0.1
652,Mumbai,Maharashtra,19.090503,72.764378,2022-01-24,08:00:00,Monday,0,highway,4,0,fog,low,26,high,drunk driving,major,4,2,1,0.8
653,Chandigarh,Punjab,30.644166,76.847467,2024-11-29,13:00:00,Friday,0,urban,1,0,fog,low,26,medium,overspeeding,minor,5,0,0,0.45
654,Chandigarh,Punjab,30.654469,76.752972,2022-07-24,03:00:00,Sunday,1,urban,5,0,rain,low,35,low,overspeeding,minor,3,0,0,0.45
655,Chennai,Tamil Nadu,12.86041,80.120678,2023-06-24,17:00:00,Saturday,1,rural,3,0,rain,medium,38,medium,overspeeding,major,3,3,1,0.4
656,Chennai,Tamil Nadu,13.034434,80.287617,2023-07-07,15:00:00,Friday,0,rural,1,0,fog,low,15,high,distraction,minor,5,4,0,0.65
657,Pune,Maharashtra,18.562724,73.936526,2024-10-10,12:00:00,Thursday,0,urban,2,0,fog,low,36,high,distraction,minor,2,2,0,0.65
658,Hyderabad,Telangana,17.313992,78.268967,2022-08-03,13:00:00,Wednesday,0,rural,5,0,rain,medium,40,low,weather,minor,4,1,0,0.25
659,Chandigarh,Punjab,30.68583,76.872043,2025-02-22,05:00:00,Saturday,1,highway,6,0,fog,low,25,low,overspeeding,fatal,2,2,0,0.65
660,Kolkata,West Bengal,22.462673,88.333963,2022-08-24,07:00:00,Wednesday,0,highway,1,0,clear,high,28,low,poor road,minor,2,1,0,0.1
661,Kolkata,West Bengal,22.60842,88.417758,2024-04-25,09:00:00,Thursday,0,highway,1,1,rain,low,28,high,drunk driving,minor,1,0,1,0.8
662,Chandigarh,Punjab,30.625597,76.791535,2022-10-07,17:00:00,Friday,0,highway,6,0,fog,low,31,high,distraction,minor,5,5,1,0.8
663,Kolkata,West Bengal,22.579715,88.277369,2022-09-09,02:00:00,Friday,0,rural,5,0,clear,high,24,low,overspeeding,minor,2,1,0,0.1
664,Hyderabad,Telangana,17.421082,78.258105,2022-03-21,12:00:00,Monday,0,highway,1,1,rain,medium,36,medium,poor road,minor,4,0,0,0.25
665,Chandigarh,Punjab,30.719447,76.727079,2024-03-22,07:00:00,Friday,0,urban,1,1,rain,low,40,medium,poor road,minor,5,4,0,0.45
666,Delhi,Delhi,28.604328,76.832823,2022-09-11,09:00:00,Sunday,1,urban,4,1,clear,high,23,medium,overspeeding,minor,2,0,1,0.25
667,Hyderabad,Telangana,17.402649,78.246267,2024-09-17,04:00:00,Tuesday,0,rural,1,0,fog,low,17,low,weather,major,2,2,0,0.45
668,Chandigarh,Punjab,30.704541,76.796508,2022-09-07,02:00:00,Wednesday,0,highway,5,0,fog,low,21,low,drunk driving,fatal,5,5,0,0.65
669,Hyderabad,Telangana,17.388875,78.214956,2022-10-28,23:00:00,Friday,0,rural,5,0,rain,medium,22,high,overspeeding,minor,5,1,0,0.45
670,Chandigarh,Punjab,30.79483,76.773546,2023-07-29,14:00:00,Saturday,1,highway,2,0,fog,low,20,high,distraction,minor,2,2,0,0.65
671,Chandigarh,Punjab,30.653326,76.795463,2022-08-30,20:00:00,Tuesday,0,rural,4,1,clear,high,35,high,overspeeding,minor,2,2,0,0.3
672,Chennai,Tamil Nadu,13.102428,80.140145,2025-03-21,15:00:00,Friday,0,rural,5,0,clear,high,37,high,weather,minor,3,3,0,0.3
673,Hyderabad,Telangana,17.402371,78.297586,2022-05-04,22:00:00,Wednesday,0,rural,5,0,fog,low,18,low,weather,minor,2,0,0,0.45
674,Delhi,Delhi,28.611756,77.130556,2022-07-25,23:00:00,Monday,0,urban,6,0,clear,high,36,high,drunk driving,minor,3,0,0,0.3
675,Bangalore,Karnataka,12.816265,77.607839,2024-03-17,11:00:00,Sunday,1,urban,4,0,clear,high,16,low,weather,minor,5,2,0,0.1
676,Hyderabad,Telangana,17.447765,78.504138,2023-02-10,08:00:00,Friday,0,highway,4,0,rain,medium,37,high,overspeeding,minor,5,3,1,0.6
677,Hyderabad,Telangana,17.423218,78.590405,2023-10-24,16:00:00,Tuesday,0,highway,3,0,fog,low,36,low,drunk driving,fatal,3,3,0,0.65
678,Pune,Maharashtra,18.556561,73.724284,2022-02-02,08:00:00,Wednesday,0,highway,4,0,clear,high,36,high,drunk driving,major,3,3,1,0.45
679,Chandigarh,Punjab,30.654531,76.811189,2022-02-18,16:00:00,Friday,0,highway,2,1,fog,low,25,medium,distraction,minor,2,1,0,0.45
680,Hyderabad,Telangana,17.210242,78.36299,2023-01-28,00:00:00,Saturday,1,urban,3,1,fog,low,39,high,drunk driving,minor,4,4,0,0.65
681,Chennai,Tamil Nadu,13.1071,80.190945,2022-09-10,13:00:00,Saturday,1,rural,2,0,clear,high,29,medium,weather,minor,3,0,0,0.1
682,Chennai,Tamil Nadu,12.932566,80.18442,2023-08-15,17:00:00,Tuesday,0,highway,1,0,clear,high,16,high,poor road,major,5,3,1,0.45
683,Hyderabad,Telangana,17.490835,78.269914,2023-01-25,10:00:00,Wednesday,0,rural,6,0,clear,high,21,high,weather,fatal,4,4,1,0.65
684,Hyderabad,Telangana,17.476431,78.581214,2023-03-16,19:00:00,Thursday,0,urban,2,1,rain,low,17,high,drunk driving,minor,3,1,1,0.8
685,Hyderabad,Telangana,17.534797,78.483255,2022-12-20,11:00:00,Tuesday,0,rural,6,0,clear,high,40,high,overspeeding,minor,3,2,0,0.3
686,Mumbai,Maharashtra,18.82416,72.829696,2024-11-18,13:00:00,Monday,0,highway,2,0,rain,medium,18,medium,poor road,major,1,0,0,0.25
687,Chennai,Tamil Nadu,12.80732,80.151435,2023-03-08,02:00:00,Wednesday,0,highway,5,0,rain,low,23,medium,poor road,minor,5,1,0,0.55
688,Bangalore,Karnataka,13.165875,77.461909,2024-12-05,14:00:00,Thursday,0,rural,1,1,clear,high,31,medium,overspeeding,minor,4,1,0,0.1
689,Bangalore,Karnataka,13.190996,77.598571,2023-02-15,04:00:00,Wednesday,0,rural,2,1,rain,low,25,low,weather,minor,2,2,0,0.45
690,Delhi,Delhi,28.624052,76.83438,2023-09-11,07:00:00,Monday,0,rural,3,0,fog,low,35,low,poor road,minor,1,0,0,0.45
691,Hyderabad,Telangana,17.419559,78.596814,2022-03-09,19:00:00,Wednesday,0,rural,3,0,rain,medium,38,high,distraction,minor,5,2,1,0.6
692,Kolkata,West Bengal,22.511567,88.420675,2023-04-03,07:00:00,Monday,0,urban,3,1,fog,low,29,medium,weather,fatal,5,5,0,0.65
693,Hyderabad,Telangana,17.38426,78.38528,2024-03-18,04:00:00,Monday,0,rural,2,1,fog,low,22,medium,poor road,minor,3,1,0,0.45
694,Bangalore,Karnataka,12.968574,77.645802,2023-01-16,18:00:00,Monday,0,urban,3,0,rain,medium,38,low,overspeeding,major,5,4,1,0.4
695,Mumbai,Maharashtra,19.020915,72.746708,2022-07-17,10:00:00,Sunday,1,rural,2,0,clear,high,33,medium,overspeeding,major,5,1,1,0.25
696,Hyderabad,Telangana,17.472554,78.423214,2024-02-19,16:00:00,Monday,0,rural,2,1,clear,high,21,low,weather,fatal,3,3,0,0.3
697,Pune,Maharashtra,18.603833,73.969932,2024-05-04,15:00:00,Saturday,1,rural,5,0,fog,low,37,medium,drunk driving,major,1,1,0,0.45
698,Kolkata,West Bengal,22.57938,88.349677,2024-06-24,15:00:00,Monday,0,rural,2,0,rain,low,29,low,overspeeding,minor,5,1,0,0.45
699,Chandigarh,Punjab,30.634285,76.746653,2023-05-06,04:00:00,Saturday,1,urban,5,0,rain,low,27,medium,poor road,minor,4,4,0,0.45
700,Bangalore,Karnataka,13.069173,77.427836,2022-04-15,20:00:00,Friday,0,rural,4,0,clear,high,19,medium,poor road,fatal,1,1,0,0.3
701,Pune,Maharashtra,18.636929,73.844731,2024-07-23,02:00:00,Tuesday,0,highway,2,0,rain,medium,32,low,overspeeding,minor,1,0,0,0.25
702,Delhi,Delhi,28.885271,77.004314,2024-05-10,10:00:00,Friday,0,rural,2,1,rain,low,27,high,poor road,fatal,4,4,1,1.0
703,Pune,Maharashtra,18.572114,73.906677,2024-12-19,16:00:00,Thursday,0,highway,4,0,rain,medium,21,medium,distraction,major,3,2,0,0.25
704,Chandigarh,Punjab,30.621787,76.801675,2023-09-19,07:00:00,Tuesday,0,highway,4,1,fog,low,32,medium,distraction,minor,2,0,0,0.45
705,Hyderabad,Telangana,17.507989,78.437451,2024-04-26,15:00:00,Friday,0,highway,2,1,rain,medium,28,medium,weather,major,4,2,0,0.25
706,Chandigarh,Punjab,30.649459,76.83009,2024-01-30,02:00:00,Tuesday,0,rural,1,1,rain,low,23,low,overspeeding,fatal,4,4,0,0.65
707,Chandigarh,Punjab,30.78067,76.732065,2024-09-18,12:00:00,Wednesday,0,rural,1,0,fog,low,36,high,weather,major,5,4,0,0.65
708,Bangalore,Karnataka,13.085083,77.477491,2023-12-28,07:00:00,Thursday,0,highway,6,0,fog,low,34,high,drunk driving,minor,4,0,0,0.65
709,Pune,Maharashtra,18.5347,73.814123,2022-09-06,13:00:00,Tuesday,0,rural,6,0,fog,low,40,medium,drunk driving,fatal,3,3,0,0.65
710,Bangalore,Karnataka,12.960497,77.428281,2024-10-10,04:00:00,Thursday,0,urban,3,0,clear,high,22,low,overspeeding,major,4,3,0,0.1
711,Bangalore,Karnataka,13.092876,77.438094,2023-07-31,13:00:00,Monday,0,rural,5,1,clear,high,32,low,drunk driving,fatal,4,4,0,0.3
712,Pune,Maharashtra,18.470503,73.788641,2022-04-11,11:00:00,Monday,0,highway,3,0,clear,high,18,medium,distraction,major,3,3,0,0.1
713,Hyderabad,Telangana,17.380219,78.398458,2023-12-30,23:00:00,Saturday,1,rural,1,0,clear,high,29,medium,overspeeding,minor,2,0,0,0.1
714,Kolkata,West Bengal,22.470777,88.377662,2024-05-19,20:00:00,Sunday,1,rural,4,0,clear,high,38,low,weather,minor,2,2,0,0.1
715,Bangalore,Karnataka,12.856506,77.413713,2023-05-24,03:00:00,Wednesday,0,rural,5,1,rain,low,21,low,poor road,minor,4,2,0,0.45
716,Mumbai,Maharashtra,18.974481,72.992122,2022-04-18,16:00:00,Monday,0,urban,5,1,clear,high,30,low,drunk driving,minor,5,0,0,0.1
717,Chandigarh,Punjab,30.768335,76.718652,2023-02-28,17:00:00,Tuesday,0,urban,5,1,clear,high,21,high,drunk driving,minor,3,1,1,0.45
718,Mumbai,Maharashtra,19.249045,72.822909,2022-11-09,06:00:00,Wednesday,0,urban,2,1,fog,low,26,medium,overspeeding,major,4,1,0,0.45
719,Hyderabad,Telangana,17.236273,78.511632,2022-09-20,14:00:00,Tuesday,0,highway,1,0,clear,high,24,medium,distraction,major,3,2,0,0.1
720,Mumbai,Maharashtra,19.256388,72.793758,2022-07-23,17:00:00,Saturday,1,urban,6,0,clear,high,27,medium,overspeeding,major,5,3,1,0.25
721,Bangalore,Karnataka,12.845138,77.48325,2023-05-03,11:00:00,Wednesday,0,highway,3,1,rain,low,36,high,weather,minor,1,1,0,0.65
722,Hyderabad,Telangana,17.298444,78.366816,2024-09-08,10:00:00,Sunday,1,urban,6,0,clear,high,36,high,weather,minor,4,3,1,0.45
723,Chandigarh,Punjab,30.700822,76.757038,2024-03-11,14:00:00,Monday,0,rural,5,1,clear,high,17,high,drunk driving,major,1,0,0,0.3
724,Chandigarh,Punjab,30.797344,76.890939,2024-07-28,09:00:00,Sunday,1,rural,3,0,rain,medium,18,medium,drunk driving,major,1,0,1,0.4
725,Mumbai,Maharashtra,19.062073,72.985451,2022-02-09,17:00:00,Wednesday,0,rural,4,1,rain,low,22,high,overspeeding,fatal,4,4,1,1.0
726,Bangalore,Karnataka,13.167738,77.78453,2023-05-07,06:00:00,Sunday,1,highway,4,0,clear,high,19,medium,distraction,minor,5,3,0,0.1
727,Delhi,Delhi,28.402354,77.086589,2024-03-06,02:00:00,Wednesday,0,urban,3,0,clear,high,19,low,distraction,major,1,0,0,0.1
728,Chandigarh,Punjab,30.602774,76.861301,2022-04-25,20:00:00,Monday,0,highway,3,0,clear,high,26,medium,poor road,minor,5,1,0,0.1
729,Hyderabad,Telangana,17.377913,78.569037,2022-11-24,12:00:00,Thursday,0,rural,3,1,clear,high,33,medium,overspeeding,major,1,0,0,0.1
730,Pune,Maharashtra,18.537966,73.769496,2022-07-05,19:00:00,Tuesday,0,rural,2,1,rain,low,18,high,distraction,major,3,0,1,0.8
731,Pune,Maharashtra,18.623364,73.970737,2023-01-26,13:00:00,Thursday,0,urban,2,0,fog,low,37,medium,weather,minor,2,1,0,0.45
732,Kolkata,West Bengal,22.673246,88.281776,2023-10-10,08:00:00,Tuesday,0,rural,2,0,fog,low,28,high,drunk driving,major,2,2,1,0.8
733,Delhi,Delhi,28.635906,77.182162,2023-03-06,21:00:00,Monday,0,highway,2,0,fog,low,32,low,drunk driving,minor,5,2,0,0.45
734,Chandigarh,Punjab,30.775772,76.797382,2023-03-24,12:00:00,Friday,0,highway,2,0,rain,low,21,high,overspeeding,minor,4,1,0,0.65
735,Hyderabad,Telangana,17.554942,78.379746,2023-08-30,15:00:00,Wednesday,0,urban,3,1,clear,high,22,low,drunk driving,minor,4,4,0,0.1
736,Bangalore,Karnataka,13.069343,77.79128,2023-12-11,12:00:00,Monday,0,rural,3,0,rain,low,32,low,overspeeding,major,2,2,0,0.45
737,Bangalore,Karnataka,12.917587,77.670324,2024-02-20,17:00:00,Tuesday,0,urban,5,0,rain,low,28,high,overspeeding,fatal,2,2,1,1.0
738,Kolkata,West Bengal,22.502293,88.412058,2024-11-15,05:00:00,Friday,0,rural,2,0,fog,low,28,low,poor road,minor,4,3,0,0.45
739,Bangalore,Karnataka,13.179598,77.772582,2023-09-22,21:00:00,Friday,0,highway,6,1,rain,low,35,low,weather,minor,3,2,0,0.45
740,Hyderabad,Telangana,17.465114,78.377401,2024-02-13,13:00:00,Tuesday,0,urban,1,1,clear,high,20,medium,poor road,minor,4,2,0,0.1
741,Chennai,Tamil Nadu,12.87787,80.223929,2025-03-26,15:00:00,Wednesday,0,rural,1,1,fog,low,22,high,drunk driving,minor,1,0,0,0.65
742,Mumbai,Maharashtra,19.00103,72.866264,2022-12-30,04:00:00,Friday,0,rural,6,1,clear,high,15,low,distraction,minor,4,4,0,0.1
743,Hyderabad,Telangana,17.541807,78.242917,2024-05-11,02:00:00,Saturday,1,urban,4,0,rain,medium,32,high,drunk driving,minor,1,1,0,0.45
744,Pune,Maharashtra,18.572911,73.853833,2022-12-16,15:00:00,Friday,0,highway,3,1,fog,low,23,low,overspeeding,major,5,4,0,0.45
745,Mumbai,Maharashtra,18.826819,72.933899,2022-02-06,05:00:00,Sunday,1,urban,3,0,fog,low,36,medium,poor road,minor,2,1,0,0.45
746,Chandigarh,Punjab,30.746358,76.740366,2025-02-03,06:00:00,Monday,0,rural,2,0,clear,high,40,low,overspeeding,minor,1,1,0,0.1
747,Hyderabad,Telangana,17.420922,78.55609,2024-01-01,05:00:00,Monday,0,urban,4,1,fog,low,25,low,drunk driving,minor,4,2,0,0.45
748,Bangalore,Karnataka,12.835792,77.752357,2023-12-28,00:00:00,Thursday,0,highway,1,1,fog,low,39,low,poor road,fatal,4,4,0,0.65
749,Pune,Maharashtra,18.422316,73.959426,2023-07-29,19:00:00,Saturday,1,rural,5,1,clear,high,32,high,poor road,minor,2,0,1,0.45
750,Chandigarh,Punjab,30.763449,76.889914,2023-07-01,10:00:00,Saturday,1,highway,1,1,fog,low,32,medium,poor road,major,5,2,1,0.6
751,Hyderabad,Telangana,17.250518,78.372381,2024-04-30,01:00:00,Tuesday,0,urban,3,0,rain,medium,20,low,weather,minor,3,2,0,0.25
752,Hyderabad,Telangana,17.484176,78.390922,2023-07-31,14:00:00,Monday,0,highway,5,1,fog,low,37,medium,drunk driving,minor,3,0,0,0.45
753,Delhi,Delhi,28.863897,76.858088,2024-02-01,08:00:00,Thursday,0,rural,4,1,fog,low,19,high,drunk driving,major,2,2,1,0.8
754,Kolkata,West Bengal,22.526028,88.413271,2024-06-11,05:00:00,Tuesday,0,highway,2,1,rain,low,36,medium,distraction,major,2,1,0,0.45
755,Kolkata,West Bengal,22.55675,88.348977,2024-10-25,09:00:00,Friday,0,highway,6,0,rain,low,38,high,distraction,minor,2,0,1,0.8
756,Delhi,Delhi,28.520752,76.983373,2024-09-13,03:00:00,Friday,0,urban,3,0,clear,high,32,medium,drunk driving,minor,1,0,0,0.1
757,Chennai,Tamil Nadu,12.990145,80.238815,2024-11-07,03:00:00,Thursday,0,rural,4,1,clear,high,33,low,distraction,minor,3,2,0,0.1
758,Pune,Maharashtra,18.503714,73.801626,2024-10-22,09:00:00,Tuesday,0,urban,3,0,fog,low,23,high,poor road,minor,2,1,1,0.8
759,Hyderabad,Telangana,17.569075,78.436332,2022-10-16,11:00:00,Sunday,1,rural,1,0,fog,low,30,medium,weather,fatal,4,4,0,0.65
760,Bangalore,Karnataka,12.8694,77.65814,2022-01-11,21:00:00,Tuesday,0,highway,5,0,rain,medium,16,low,overspeeding,major,1,0,0,0.25
761,Delhi,Delhi,28.624073,77.132361,2024-05-01,18:00:00,Wednesday,0,urban,2,1,clear,high,39,high,weather,fatal,4,4,1,0.65
762,Delhi,Delhi,28.561999,77.085735,2024-04-09,20:00:00,Tuesday,0,urban,6,1,fog,low,32,low,distraction,major,5,4,0,0.45
763,Mumbai,Maharashtra,19.292492,72.955907,2024-01-02,18:00:00,Tuesday,0,rural,5,1,rain,low,28,high,distraction,minor,1,0,1,0.8
764,Bangalore,Karnataka,12.802377,77.531486,2025-03-28,19:00:00,Friday,0,highway,3,0,fog,low,16,high,poor road,minor,5,1,1,0.8
765,Delhi,Delhi,28.571175,77.062754,2024-07-05,11:00:00,Friday,0,urban,5,0,clear,high,29,low,weather,minor,3,1,0,0.1
766,Chandigarh,Punjab,30.686023,76.706007,2025-02-17,17:00:00,Monday,0,highway,2,0,rain,medium,27,high,drunk driving,minor,5,0,1,0.6
767,Bangalore,Karnataka,13.008603,77.560537,2022-01-18,05:00:00,Tuesday,0,urban,1,1,fog,low,16,high,poor road,minor,4,1,0,0.65
768,Bangalore,Karnataka,13.185794,77.530987,2024-03-09,05:00:00,Saturday,1,urban,2,1,clear,high,32,low,weather,major,1,1,0,0.1
769,Chennai,Tamil Nadu,12.948178,80.233552,2022-06-03,21:00:00,Friday,0,urban,4,1,rain,low,18,high,distraction,fatal,1,1,0,0.85
770,Bangalore,Karnataka,13.0412,77.550866,2023-01-25,02:00:00,Wednesday,0,rural,4,0,rain,medium,37,high,distraction,major,1,0,0,0.45
771,Delhi,Delhi,28.736674,76.915544,2022-09-08,14:00:00,Thursday,0,urban,4,0,fog,low,34,high,weather,minor,2,0,0,0.65
772,Bangalore,Karnataka,13.113624,77.78357,2024-06-12,12:00:00,Wednesday,0,highway,4,0,clear,high,36,low,weather,fatal,2,2,0,0.3
773,Bangalore,Karnataka,13.019215,77.504047,2023-10-11,11:00:00,Wednesday,0,highway,4,0,rain,medium,36,high,poor road,major,4,4,0,0.45
774,Kolkata,West Bengal,22.645126,88.334107,2024-04-30,18:00:00,Tuesday,0,highway,5,0,rain,medium,34,high,weather,major,3,3,1,0.6
775,Delhi,Delhi,28.672901,76.875114,2025-01-13,10:00:00,Monday,0,rural,2,0,clear,high,33,high,weather,fatal,1,1,1,0.65
776,Mumbai,Maharashtra,18.864308,72.800252,2022-08-23,21:00:00,Tuesday,0,urban,2,1,rain,low,31,high,drunk driving,minor,4,3,0,0.65
777,Kolkata,West Bengal,22.544036,88.446209,2022-10-10,11:00:00,Monday,0,rural,5,0,clear,high,33,high,poor road,minor,5,2,0,0.3
778,Delhi,Delhi,28.673535,76.826948,2024-03-09,13:00:00,Saturday,1,rural,3,1,clear,high,24,low,overspeeding,minor,1,1,0,0.1
779,Chennai,Tamil Nadu,13.155989,80.182345,2024-06-15,20:00:00,Saturday,1,rural,3,0,clear,high,16,low,overspeeding,fatal,4,4,0,0.3
780,Kolkata,West Bengal,22.443348,88.430429,2023-08-23,01:00:00,Wednesday,0,highway,6,0,rain,low,38,low,overspeeding,minor,2,0,0,0.45
781,Chandigarh,Punjab,30.788581,76.828084,2022-09-17,03:00:00,Saturday,1,highway,1,1,fog,low,30,high,distraction,minor,1,0,0,0.65
782,Chennai,Tamil Nadu,12.964008,80.20961,2024-08-25,21:00:00,Sunday,1,highway,3,1,clear,high,17,high,poor road,minor,3,2,0,0.3
783,Bangalore,Karnataka,12.817848,77.743694,2023-05-12,02:00:00,Friday,0,rural,1,1,rain,medium,40,low,drunk driving,major,3,3,0,0.25
784,Mumbai,Maharashtra,19.013798,72.701232,2025-03-28,14:00:00,Friday,0,highway,2,0,clear,high,26,medium,distraction,minor,3,1,0,0.1
785,Kolkata,West Bengal,22.480537,88.203699,2022-01-24,04:00:00,Monday,0,rural,5,0,fog,low,34,low,drunk driving,minor,2,2,0,0.45
786,Mumbai,Maharashtra,18.852206,72.921028,2022-10-14,22:00:00,Friday,0,rural,1,0,clear,high,17,medium,poor road,minor,5,4,0,0.1
787,Chandigarh,Punjab,30.740398,76.840084,2024-06-21,01:00:00,Friday,0,rural,1,1,rain,low,26,low,poor road,minor,2,1,0,0.45
788,Chandigarh,Punjab,30.754784,76.89915,2024-09-02,18:00:00,Monday,0,highway,4,1,fog,low,32,high,overspeeding,minor,5,0,1,0.8
789,Kolkata,West Bengal,22.649567,88.350327,2024-04-01,21:00:00,Monday,0,urban,5,1,fog,low,35,medium,weather,fatal,2,2,0,0.65
790,Chandigarh,Punjab,30.789109,76.800929,2023-08-30,08:00:00,Wednesday,0,urban,1,1,fog,low,20,high,poor road,minor,3,2,1,0.8
791,Pune,Maharashtra,18.605886,73.975941,2023-11-16,13:00:00,Thursday,0,urban,1,0,rain,low,28,high,drunk driving,minor,4,2,0,0.65
792,Mumbai,Maharashtra,19.111111,72.792785,2024-11-23,01:00:00,Saturday,1,highway,6,0,clear,high,18,low,weather,minor,1,1,0,0.1
793,Pune,Maharashtra,18.680595,73.950645,2023-07-16,01:00:00,Sunday,1,highway,6,1,rain,low,37,medium,weather,minor,4,4,0,0.45
794,Bangalore,Karnataka,12.814243,77.733412,2024-01-05,13:00:00,Friday,0,urban,4,1,rain,low,22,medium,drunk driving,minor,3,3,0,0.45
795,Mumbai,Maharashtra,19.228733,72.861817,2024-02-25,22:00:00,Sunday,1,urban,2,0,rain,medium,39,low,poor road,major,1,0,0,0.25
796,Delhi,Delhi,28.874112,77.08158,2025-03-15,23:00:00,Saturday,1,highway,1,1,rain,low,36,medium,poor road,minor,1,1,0,0.45
797,Pune,Maharashtra,18.520798,73.885225,2023-05-12,20:00:00,Friday,0,rural,3,1,clear,high,28,medium,poor road,minor,3,3,0,0.1
798,Delhi,Delhi,28.890994,77.05086,2025-04-08,20:00:00,Tuesday,0,urban,4,0,rain,low,39,high,drunk driving,fatal,1,1,0,0.85
799,Chandigarh,Punjab,30.690257,76.769053,2025-02-16,19:00:00,Sunday,1,rural,2,1,fog,low,40,high,poor road,major,3,0,1,0.8
800,Hyderabad,Telangana,17.579739,78.492782,2025-02-06,18:00:00,Thursday,0,highway,5,0,fog,low,17,medium,overspeeding,fatal,3,3,1,0.8
801,Bangalore,Karnataka,12.947573,77.762715,2023-08-23,04:00:00,Wednesday,0,urban,1,1,rain,low,36,low,drunk driving,fatal,5,5,0,0.65
802,Kolkata,West Bengal,22.448523,88.445166,2024-10-22,22:00:00,Tuesday,0,rural,2,0,fog,low,26,low,poor road,minor,1,1,0,0.45
803,Delhi,Delhi,28.504544,77.177283,2022-03-21,23:00:00,Monday,0,urban,4,0,rain,medium,16,high,distraction,fatal,4,4,0,0.65
804,Delhi,Delhi,28.824484,77.008592,2024-09-24,10:00:00,Tuesday,0,urban,1,0,fog,low,30,medium,weather,minor,3,2,1,0.6
805,Bangalore,Karnataka,13.072616,77.571209,2024-02-06,16:00:00,Tuesday,0,urban,2,1,rain,medium,26,high,weather,minor,5,3,0,0.45
806,Mumbai,Maharashtra,18.993268,72.823772,2025-04-01,19:00:00,Tuesday,0,urban,6,1,fog,low,25,high,drunk driving,fatal,1,1,1,1.0
807,Kolkata,West Bengal,22.526324,88.264251,2024-04-01,06:00:00,Monday,0,urban,5,0,clear,high,39,high,distraction,fatal,2,2,0,0.5
808,Mumbai,Maharashtra,18.947484,72.799354,2023-11-16,17:00:00,Thursday,0,rural,3,0,fog,low,24,medium,poor road,minor,4,2,1,0.6
809,Chandigarh,Punjab,30.618209,76.730939,2024-02-25,09:00:00,Sunday,1,urban,3,0,clear,high,22,high,distraction,minor,4,1,1,0.45
810,Chandigarh,Punjab,30.738164,76.861909,2022-04-12,08:00:00,Tuesday,0,rural,6,0,rain,medium,16,high,weather,minor,3,3,1,0.6
811,Pune,Maharashtra,18.515391,73.702509,2025-03-27,08:00:00,Thursday,0,highway,6,0,rain,low,39,medium,drunk driving,minor,1,1,1,0.6
812,Delhi,Delhi,28.670351,76.906338,2023-02-04,03:00:00,Saturday,1,urban,2,1,fog,low,29,low,distraction,minor,2,2,0,0.45
813,Chandigarh,Punjab,30.630342,76.726714,2023-03-11,23:00:00,Saturday,1,urban,1,1,clear,high,19,medium,drunk driving,minor,1,0,0,0.1
814,Bangalore,Karnataka,12.967443,77.679003,2022-01-31,19:00:00,Monday,0,highway,2,1,fog,low,34,high,distraction,fatal,4,4,1,1.0
815,Mumbai,Maharashtra,18.992129,72.818949,2024-07-12,12:00:00,Friday,0,highway,5,0,clear,high,29,medium,overspeeding,minor,4,1,0,0.1
816,Delhi,Delhi,28.812731,77.016168,2023-08-12,11:00:00,Saturday,1,highway,4,1,fog,low,37,high,weather,fatal,5,5,0,0.85
817,Kolkata,West Bengal,22.554379,88.281077,2022-02-09,04:00:00,Wednesday,0,highway,6,1,fog,low,15,low,overspeeding,minor,3,3,0,0.45
818,Chandigarh,Punjab,30.700004,76.772064,2023-03-09,05:00:00,Thursday,0,highway,2,0,clear,high,28,medium,poor road,major,3,1,0,0.1
819,Pune,Maharashtra,18.494828,73.849625,2022-10-30,18:00:00,Sunday,1,highway,5,0,clear,high,24,low,weather,minor,5,4,1,0.25
820,Kolkata,West Bengal,22.450699,88.26753,2024-02-10,06:00:00,Saturday,1,highway,1,1,rain,low,33,medium,overspeeding,minor,2,1,0,0.45
821,Chandigarh,Punjab,30.658114,76.866369,2022-06-28,19:00:00,Tuesday,0,urban,1,1,rain,medium,36,high,overspeeding,fatal,1,1,1,0.8
822,Bangalore,Karnataka,13.121989,77.500142,2023-05-14,04:00:00,Sunday,1,urban,3,1,clear,high,32,low,poor road,fatal,5,5,0,0.3
823,Delhi,Delhi,28.61292,76.88816,2022-10-17,13:00:00,Monday,0,urban,1,0,rain,medium,38,medium,drunk driving,minor,5,5,0,0.25
824,Chandigarh,Punjab,30.603523,76.83274,2023-05-27,15:00:00,Saturday,1,rural,4,0,fog,low,32,medium,weather,minor,5,2,0,0.45
825,Kolkata,West Bengal,22.570737,88.295563,2023-04-01,01:00:00,Saturday,1,highway,1,1,rain,medium,19,low,poor road,major,4,4,0,0.25
826,Chandigarh,Punjab,30.691096,76.8331,2023-07-30,15:00:00,Sunday,1,rural,5,1,clear,high,32,medium,weather,minor,4,1,0,0.1
827,Hyderabad,Telangana,17.381949,78.334216,2023-07-09,12:00:00,Sunday,1,highway,3,1,clear,high,16,medium,poor road,minor,5,3,0,0.1
828,Chandigarh,Punjab,30.774912,76.872091,2023-10-18,03:00:00,Wednesday,0,urban,6,0,clear,high,15,high,drunk driving,minor,3,3,0,0.3
829,Bangalore,Karnataka,12.952218,77.518738,2023-08-01,18:00:00,Tuesday,0,rural,4,0,clear,high,29,medium,drunk driving,fatal,4,4,1,0.45
830,Chandigarh,Punjab,30.613404,76.797206,2024-02-11,06:00:00,Sunday,1,urban,1,1,clear,high,23,low,poor road,minor,5,1,0,0.1
831,Chandigarh,Punjab,30.759118,76.784239,2024-07-19,12:00:00,Friday,0,urban,1,1,clear,high,21,high,distraction,major,1,1,0,0.3
832,Mumbai,Maharashtra,18.93698,72.856051,2024-12-10,01:00:00,Tuesday,0,urban,5,0,rain,medium,37,low,poor road,minor,3,1,0,0.25
833,Bangalore,Karnataka,12.82512,77.61553,2023-10-17,21:00:00,Tuesday,0,urban,6,0,clear,high,17,high,drunk driving,major,5,4,0,0.3
834,Hyderabad,Telangana,17.384569,78.572456,2024-11-27,05:00:00,Wednesday,0,highway,3,0,rain,low,40,high,weather,minor,3,1,0,0.65
835,Bangalore,Karnataka,13.018816,77.765548,2022-11-27,14:00:00,Sunday,1,urban,1,0,fog,low,20,medium,distraction,minor,5,3,0,0.45
836,Hyderabad,Telangana,17.378495,78.392462,2023-01-19,23:00:00,Thursday,0,highway,2,1,fog,low,36,high,distraction,minor,3,2,0,0.65
837,Hyderabad,Telangana,17.43829,78.481445,2022-06-05,14:00:00,Sunday,1,highway,4,0,clear,high,18,medium,weather,minor,3,0,0,0.1
838,Hyderabad,Telangana,17.232257,78.285047,2024-08-22,22:00:00,Thursday,0,highway,3,0,fog,low,25,high,weather,minor,2,2,0,0.65
839,Delhi,Delhi,28.482876,77.114764,2023-04-27,19:00:00,Thursday,0,highway,5,0,clear,high,22,medium,poor road,minor,5,1,1,0.25
840,Delhi,Delhi,28.60812,77.098996,2024-09-30,20:00:00,Monday,0,rural,6,0,fog,low,23,high,poor road,major,5,2,0,0.65
841,Delhi,Delhi,28.542466,76.905546,2022-02-20,04:00:00,Sunday,1,urban,6,0,clear,high,39,low,weather,major,2,1,0,0.1
842,Delhi,Delhi,28.717073,76.833816,2022-11-23,19:00:00,Wednesday,0,urban,2,0,fog,low,38,high,poor road,minor,2,0,1,0.8
843,Chennai,Tamil Nadu,13.062713,80.22507,2022-06-22,21:00:00,Wednesday,0,rural,4,0,clear,high,32,high,overspeeding,minor,5,2,0,0.3
844,Bangalore,Karnataka,12.999744,77.711826,2022-12-18,21:00:00,Sunday,1,rural,1,1,fog,low,18,medium,poor road,minor,1,1,0,0.45
845,Mumbai,Maharashtra,19.200452,72.822912,2022-07-21,07:00:00,Thursday,0,rural,1,1,rain,low,20,low,overspeeding,major,4,2,0,0.45
846,Chennai,Tamil Nadu,13.010852,80.286373,2024-11-30,23:00:00,Saturday,1,highway,1,1,fog,low,31,low,distraction,minor,3,1,0,0.45
847,Chandigarh,Punjab,30.676424,76.719165,2022-01-09,17:00:00,Sunday,1,highway,2,1,fog,low,20,high,drunk driving,minor,5,3,1,0.8
848,Chandigarh,Punjab,30.606158,76.894984,2022-04-03,02:00:00,Sunday,1,rural,6,1,clear,high,25,low,distraction,minor,5,5,0,0.1
849,Chandigarh,Punjab,30.700745,76.870706,2022-02-04,08:00:00,Friday,0,urban,5,1,fog,low,38,high,drunk driving,minor,3,2,1,0.8
850,Kolkata,West Bengal,22.672339,88.441643,2023-09-08,09:00:00,Friday,0,highway,3,1,rain,low,40,medium,distraction,major,2,2,1,0.6
851,Kolkata,West Bengal,22.450804,88.309159,2024-10-25,18:00:00,Friday,0,rural,6,0,fog,low,28,high,poor road,minor,5,0,1,0.8
852,Delhi,Delhi,28.463059,77.014678,2025-02-15,17:00:00,Saturday,1,rural,4,0,fog,low,39,high,poor road,major,5,5,1,0.8
853,Pune,Maharashtra,18.589816,73.971113,2024-09-06,01:00:00,Friday,0,rural,6,1,rain,low,16,medium,drunk driving,minor,2,2,0,0.45
854,Pune,Maharashtra,18.432019,73.701978,2024-07-30,23:00:00,Tuesday,0,rural,4,0,fog,low,25,medium,weather,fatal,1,1,0,0.65
855,Hyderabad,Telangana,17.336894,78.312399,2024-06-22,22:00:00,Saturday,1,urban,3,1,clear,high,40,high,poor road,major,2,2,0,0.3
856,Pune,Maharashtra,18.662636,73.777238,2024-05-16,06:00:00,Thursday,0,highway,6,0,fog,low,22,medium,poor road,fatal,1,1,0,0.65
857,Pune,Maharashtra,18.644556,73.830007,2023-08-23,11:00:00,Wednesday,0,rural,4,0,clear,high,19,low,poor road,minor,1,0,0,0.1
858,Chandigarh,Punjab,30.7589,76.743749,2024-08-16,23:00:00,Friday,0,highway,6,1,fog,low,18,low,drunk driving,major,2,2,0,0.45
859,Hyderabad,Telangana,17.504956,78.498686,2024-02-27,12:00:00,Tuesday,0,highway,4,0,fog,low,25,medium,weather,fatal,4,4,0,0.65
860,Delhi,Delhi,28.464399,76.935979,2023-07-22,04:00:00,Saturday,1,urban,5,1,clear,high,30,low,drunk driving,minor,1,0,0,0.1
861,Delhi,Delhi,28.511942,77.179667,2022-08-12,19:00:00,Friday,0,urban,1,0,rain,medium,17,high,overspeeding,minor,2,0,1,0.6
862,Mumbai,Maharashtra,19.182355,72.858309,2023-01-28,12:00:00,Saturday,1,rural,6,0,fog,low,39,medium,overspeeding,minor,2,0,0,0.45
863,Hyderabad,Telangana,17.432268,78.289799,2023-05-27,04:00:00,Saturday,1,rural,6,0,fog,low,34,low,overspeeding,major,3,1,0,0.45
864,Kolkata,West Bengal,22.448573,88.284688,2022-02-24,08:00:00,Thursday,0,urban,3,1,clear,high,40,low,weather,minor,4,3,1,0.25
865,Pune,Maharashtra,18.461428,73.929845,2024-12-11,12:00:00,Wednesday,0,rural,4,0,rain,medium,16,medium,poor road,fatal,3,3,0,0.45
866,Delhi,Delhi,28.615748,76.910954,2024-01-25,05:00:00,Thursday,0,urban,3,1,clear,high,19,high,distraction,major,5,5,0,0.3
867,Chennai,Tamil Nadu,13.121184,80.199072,2023-08-20,15:00:00,Sunday,1,rural,3,1,fog,low,39,low,weather,minor,2,2,0,0.45
868,Mumbai,Maharashtra,19.045136,72.789693,2024-07-29,12:00:00,Monday,0,urban,5,1,rain,low,21,low,distraction,minor,4,3,0,0.45
869,Pune,Maharashtra,18.443125,73.996193,2024-11-21,07:00:00,Thursday,0,highway,2,0,fog,low,40,low,weather,fatal,2,2,0,0.65
870,Chennai,Tamil Nadu,13.177203,80.230773,2022-09-11,06:00:00,Sunday,1,urban,5,1,rain,medium,19,medium,distraction,major,5,5,0,0.25
871,Kolkata,West Bengal,22.48767,88.28897,2025-03-22,05:00:00,Saturday,1,highway,3,1,rain,medium,21,low,distraction,fatal,1,1,0,0.45
872,Kolkata,West Bengal,22.677765,88.327468,2024-06-01,13:00:00,Saturday,1,rural,1,1,fog,low,34,medium,poor road,minor,3,0,0,0.45
873,Delhi,Delhi,28.730285,77.193967,2022-06-20,15:00:00,Monday,0,rural,6,0,fog,low,23,medium,distraction,minor,2,2,0,0.45
874,Chennai,Tamil Nadu,13.178245,80.237615,2024-12-18,22:00:00,Wednesday,0,highway,2,0,rain,low,18,low,overspeeding,major,3,0,0,0.45
875,Hyderabad,Telangana,17.369128,78.24037,2023-12-16,06:00:00,Saturday,1,rural,5,0,clear,high,22,high,distraction,major,4,4,0,0.3
876,Chennai,Tamil Nadu,13.121059,80.174293,2023-08-26,10:00:00,Saturday,1,rural,6,1,rain,medium,24,high,poor road,major,1,1,1,0.6
877,Pune,Maharashtra,18.431965,73.78551,2023-01-25,09:00:00,Wednesday,0,urban,2,1,clear,high,15,medium,distraction,fatal,2,2,1,0.45
878,Chennai,Tamil Nadu,12.968113,80.224685,2023-01-07,12:00:00,Saturday,1,highway,3,0,fog,low,27,low,distraction,major,5,4,0,0.45
879,Delhi,Delhi,28.624323,77.126932,2024-08-21,09:00:00,Wednesday,0,urban,2,0,clear,high,37,high,weather,fatal,5,5,1,0.65
880,Pune,Maharashtra,18.570356,73.858474,2024-06-06,06:00:00,Thursday,0,rural,3,0,clear,high,15,low,overspeeding,minor,4,1,0,0.1
881,Pune,Maharashtra,18.580326,73.733928,2023-07-07,08:00:00,Friday,0,urban,3,1,fog,low,33,high,drunk driving,minor,1,1,1,0.8
882,Chandigarh,Punjab,30.779058,76.837577,2024-06-03,04:00:00,Monday,0,rural,5,0,rain,medium,33,low,weather,major,5,1,0,0.25
883,Pune,Maharashtra,18.661073,73.897182,2025-03-24,00:00:00,Monday,0,rural,6,1,rain,medium,25,low,poor road,major,2,1,0,0.25
884,Kolkata,West Bengal,22.579987,88.329092,2023-07-30,09:00:00,Sunday,1,highway,1,0,fog,low,29,high,poor road,major,3,0,1,0.8
885,Chennai,Tamil Nadu,12.869088,80.124342,2023-07-27,08:00:00,Thursday,0,urban,1,1,rain,medium,39,high,distraction,major,2,2,1,0.6
886,Chandigarh,Punjab,30.635683,76.779878,2022-12-15,20:00:00,Thursday,0,highway,6,0,rain,medium,36,low,distraction,minor,3,0,0,0.25
887,Hyderabad,Telangana,17.318315,78.230168,2024-06-23,08:00:00,Sunday,1,urban,4,1,rain,low,27,high,weather,major,5,1,1,0.8
888,Bangalore,Karnataka,12.852151,77.42633,2023-07-04,19:00:00,Tuesday,0,rural,4,1,fog,low,19,low,poor road,minor,3,1,1,0.6
889,Bangalore,Karnataka,13.040029,77.75551,2022-12-31,14:00:00,Saturday,1,urban,3,1,fog,low,33,medium,poor road,fatal,1,1,0,0.65
890,Hyderabad,Telangana,17.489211,78.299442,2025-03-21,12:00:00,Friday,0,rural,4,1,clear,high,17,low,distraction,minor,2,2,0,0.1
891,Hyderabad,Telangana,17.525246,78.416394,2024-03-09,02:00:00,Saturday,1,rural,1,1,rain,medium,27,low,overspeeding,minor,3,3,0,0.25
892,Bangalore,Karnataka,13.081384,77.429306,2025-01-22,12:00:00,Wednesday,0,highway,5,1,clear,high,23,low,overspeeding,major,2,2,0,0.1
893,Kolkata,West Bengal,22.537908,88.381626,2023-02-05,10:00:00,Sunday,1,highway,6,0,clear,high,38,medium,poor road,fatal,5,5,1,0.45
894,Mumbai,Maharashtra,18.870205,72.842773,2022-12-30,23:00:00,Friday,0,highway,6,0,fog,low,38,low,distraction,fatal,2,2,0,0.65
895,Hyderabad,Telangana,17.563599,78.31402,2023-03-24,01:00:00,Friday,0,rural,3,0,fog,low,36,low,overspeeding,fatal,2,2,0,0.65
896,Delhi,Delhi,28.671181,77.025748,2024-08-26,04:00:00,Monday,0,urban,6,0,rain,medium,33,medium,poor road,minor,4,1,0,0.25
897,Kolkata,West Bengal,22.596021,88.204184,2023-07-15,13:00:00,Saturday,1,rural,2,0,rain,medium,17,high,drunk driving,major,5,3,0,0.45
898,Chennai,Tamil Nadu,13.122343,80.263315,2023-09-03,19:00:00,Sunday,1,urban,3,0,rain,low,32,high,weather,minor,5,5,1,0.8
899,Chennai,Tamil Nadu,13.103667,80.23097,2022-02-11,10:00:00,Friday,0,urban,1,0,fog,low,40,medium,overspeeding,minor,4,1,1,0.6
900,Mumbai,Maharashtra,18.947929,72.744159,2022-07-05,20:00:00,Tuesday,0,highway,5,0,fog,low,15,medium,weather,major,5,5,0,0.45
901,Chennai,Tamil Nadu,13.033398,80.120058,2024-05-21,23:00:00,Tuesday,0,urban,2,1,rain,low,33,medium,overspeeding,minor,5,1,0,0.45
902,Kolkata,West Bengal,22.517805,88.333745,2024-09-09,11:00:00,Monday,0,urban,4,1,clear,high,27,high,weather,fatal,2,2,0,0.5
903,Pune,Maharashtra,18.456808,73.905487,2025-01-18,09:00:00,Saturday,1,urban,4,1,fog,low,20,medium,poor road,minor,4,1,1,0.6
904,Hyderabad,Telangana,17.241102,78.508804,2023-06-05,09:00:00,Monday,0,highway,3,1,fog,low,27,high,weather,minor,5,1,1,0.8
905,Mumbai,Maharashtra,19.05184,72.961392,2022-03-07,00:00:00,Monday,0,urban,1,1,clear,high,25,low,drunk driving,minor,5,1,0,0.1
906,Kolkata,West Bengal,22.434736,88.251284,2024-03-17,22:00:00,Sunday,1,rural,1,1,fog,low,28,medium,drunk driving,fatal,4,4,0,0.65
907,Bangalore,Karnataka,12.912763,77.452611,2023-01-20,00:00:00,Friday,0,highway,2,0,clear,high,19,low,distraction,minor,2,0,0,0.1
908,Hyderabad,Telangana,17.275563,78.58059,2023-06-07,07:00:00,Wednesday,0,highway,4,0,fog,low,21,high,distraction,major,3,2,0,0.65
909,Delhi,Delhi,28.805244,77.000315,2025-03-09,02:00:00,Sunday,1,highway,3,0,clear,high,25,medium,weather,minor,5,3,0,0.1
910,Bangalore,Karnataka,13.053573,77.529796,2023-01-20,11:00:00,Friday,0,highway,1,0,rain,medium,39,high,overspeeding,major,2,1,0,0.45
911,Kolkata,West Bengal,22.456237,88.317724,2025-03-29,13:00:00,Saturday,1,urban,5,1,clear,high,32,high,overspeeding,fatal,1,1,0,0.5
912,Kolkata,West Bengal,22.492124,88.392193,2023-03-21,13:00:00,Tuesday,0,urban,5,1,clear,high,18,medium,weather,major,1,1,0,0.1
913,Mumbai,Maharashtra,19.024404,72.953152,2024-04-15,01:00:00,Monday,0,urban,6,1,fog,low,28,low,weather,minor,4,4,0,0.45
914,Chennai,Tamil Nadu,13.016902,80.196833,2023-04-11,07:00:00,Tuesday,0,highway,5,0,fog,low,21,low,drunk driving,fatal,5,5,0,0.65
915,Mumbai,Maharashtra,19.054691,72.761276,2022-04-22,11:00:00,Friday,0,highway,4,0,clear,high,36,medium,distraction,minor,3,2,0,0.1
916,Kolkata,West Bengal,22.517476,88.492034,2022-08-13,01:00:00,Saturday,1,rural,4,0,rain,low,30,low,overspeeding,major,4,4,0,0.45
917,Hyderabad,Telangana,17.363859,78.291421,2023-02-26,11:00:00,Sunday,1,highway,5,0,clear,high,30,medium,drunk driving,major,2,2,0,0.1
918,Bangalore,Karnataka,13.003003,77.645274,2022-06-20,17:00:00,Monday,0,rural,4,1,clear,high,38,medium,poor road,fatal,5,5,1,0.45
919,Pune,Maharashtra,18.514251,73.9209,2022-04-23,10:00:00,Saturday,1,rural,2,0,rain,low,30,high,weather,major,5,1,1,0.8
920,Kolkata,West Bengal,22.57513,88.319921,2022-07-13,13:00:00,Wednesday,0,urban,6,1,rain,medium,24,low,overspeeding,minor,2,1,0,0.25
921,Chennai,Tamil Nadu,13.145444,80.154342,2024-10-10,17:00:00,Thursday,0,highway,2,0,clear,high,27,medium,poor road,major,4,1,1,0.25
922,Chennai,Tamil Nadu,12.910988,80.218927,2024-08-02,21:00:00,Friday,0,rural,3,1,fog,low,27,high,distraction,minor,1,1,0,0.65
923,Chandigarh,Punjab,30.768042,76.831573,2022-12-27,08:00:00,Tuesday,0,rural,5,0,fog,low,30,high,overspeeding,major,4,1,1,0.8
924,Mumbai,Maharashtra,19.260243,72.744532,2022-01-21,06:00:00,Friday,0,rural,2,0,rain,low,37,high,weather,major,4,0,0,0.65
925,Hyderabad,Telangana,17.452014,78.433527,2023-04-24,11:00:00,Monday,0,rural,5,1,clear,high,20,high,poor road,minor,4,1,0,0.3
926,Chennai,Tamil Nadu,12.844104,80.274743,2022-04-28,00:00:00,Thursday,0,urban,4,1,rain,medium,17,medium,overspeeding,major,1,0,0,0.25
927,Pune,Maharashtra,18.644468,73.930708,2023-09-30,21:00:00,Saturday,1,rural,6,1,clear,high,17,medium,drunk driving,major,1,0,0,0.1
928,Chandigarh,Punjab,30.734204,76.742827,2022-06-15,18:00:00,Wednesday,0,urban,3,1,rain,medium,31,high,overspeeding,fatal,2,2,1,0.8
929,Pune,Maharashtra,18.47964,73.965693,2023-10-28,08:00:00,Saturday,1,urban,4,0,fog,low,33,high,poor road,major,2,2,1,0.8
930,Pune,Maharashtra,18.643192,73.73653,2025-03-09,14:00:00,Sunday,1,highway,3,1,fog,low,27,high,overspeeding,minor,5,4,0,0.65
931,Chennai,Tamil Nadu,13.007451,80.178109,2023-12-11,13:00:00,Monday,0,rural,4,0,fog,low,36,medium,drunk driving,major,3,0,0,0.45
932,Mumbai,Maharashtra,19.174754,72.969766,2023-10-26,17:00:00,Thursday,0,rural,2,0,fog,low,27,high,distraction,minor,2,2,1,0.8
933,Hyderabad,Telangana,17.357542,78.526322,2024-02-29,06:00:00,Thursday,0,rural,5,0,clear,high,24,low,poor road,minor,5,3,0,0.1
934,Pune,Maharashtra,18.413704,73.961767,2025-02-10,12:00:00,Monday,0,urban,5,0,fog,low,20,low,distraction,fatal,4,4,0,0.65
935,Hyderabad,Telangana,17.47703,78.56826,2022-10-15,02:00:00,Saturday,1,highway,2,1,clear,high,18,low,drunk driving,major,1,0,0,0.1
936,Chandigarh,Punjab,30.789876,76.868351,2023-05-30,21:00:00,Tuesday,0,highway,2,0,clear,high,33,medium,overspeeding,fatal,4,4,0,0.3
937,Bangalore,Karnataka,12.906675,77.640875,2025-01-16,01:00:00,Thursday,0,rural,4,1,clear,high,19,low,poor road,minor,5,5,0,0.1
938,Bangalore,Karnataka,13.177183,77.643861,2022-08-05,20:00:00,Friday,0,urban,4,0,clear,high,33,medium,poor road,minor,5,1,0,0.1
939,Chennai,Tamil Nadu,12.93409,80.168384,2022-04-01,19:00:00,Friday,0,urban,2,0,rain,low,16,high,overspeeding,fatal,3,3,1,1.0
940,Chennai,Tamil Nadu,12.869936,80.153265,2024-06-24,04:00:00,Monday,0,highway,6,1,clear,high,40,low,weather,major,3,2,0,0.1
941,Hyderabad,Telangana,17.561688,78.240787,2022-05-02,00:00:00,Monday,0,urban,5,1,fog,low,20,low,drunk driving,minor,5,5,0,0.45
942,Chennai,Tamil Nadu,12.853686,80.188687,2023-11-06,00:00:00,Monday,0,urban,3,0,rain,medium,20,high,weather,minor,5,5,0,0.45
943,Pune,Maharashtra,18.627903,73.765367,2022-03-02,16:00:00,Wednesday,0,rural,2,1,fog,low,20,high,poor road,fatal,5,5,0,0.85
944,Bangalore,Karnataka,13.083511,77.433007,2024-09-06,21:00:00,Friday,0,highway,2,0,clear,high,21,low,poor road,minor,1,0,0,0.1
945,Mumbai,Maharashtra,19.167365,72.79268,2024-08-18,22:00:00,Sunday,1,highway,5,1,fog,low,33,medium,weather,major,3,3,0,0.45
946,Hyderabad,Telangana,17.388497,78.373591,2024-07-18,14:00:00,Thursday,0,urban,3,1,clear,high,24,medium,drunk driving,minor,2,2,0,0.1
947,Bangalore,Karnataka,13.001736,77.575432,2023-05-25,09:00:00,Thursday,0,highway,2,0,rain,medium,18,high,distraction,minor,5,0,1,0.6
948,Kolkata,West Bengal,22.443025,88.300243,2023-11-14,13:00:00,Tuesday,0,urban,3,0,fog,low,31,medium,drunk driving,minor,1,1,0,0.45
949,Chandigarh,Punjab,30.685361,76.871792,2024-03-09,03:00:00,Saturday,1,highway,6,0,clear,high,32,low,distraction,minor,3,2,0,0.1
950,Kolkata,West Bengal,22.643797,88.480203,2023-11-25,19:00:00,Saturday,1,rural,2,0,fog,low,29,high,overspeeding,minor,5,4,1,0.8
951,Kolkata,West Bengal,22.522125,88.234059,2022-01-23,10:00:00,Sunday,1,rural,6,1,fog,low,35,medium,drunk driving,fatal,3,3,1,0.8
952,Chandigarh,Punjab,30.744626,76.8135,2022-10-13,14:00:00,Thursday,0,highway,3,0,clear,high,28,high,drunk driving,major,4,2,0,0.3
953,Hyderabad,Telangana,17.514752,78.387556,2024-09-13,12:00:00,Friday,0,rural,4,0,clear,high,21,high,overspeeding,major,3,1,0,0.3
954,Delhi,Delhi,28.777965,77.066079,2025-02-06,03:00:00,Thursday,0,rural,3,0,fog,low,16,low,weather,minor,2,0,0,0.45
955,Hyderabad,Telangana,17.312277,78.479504,2025-03-20,11:00:00,Thursday,0,highway,6,1,clear,high,28,medium,overspeeding,minor,2,2,0,0.1
956,Bangalore,Karnataka,13.049316,77.488686,2024-01-21,18:00:00,Sunday,1,rural,5,1,fog,low,26,high,drunk driving,minor,5,5,1,0.8
957,Chennai,Tamil Nadu,12.898188,80.15184,2023-05-25,18:00:00,Thursday,0,rural,6,1,rain,medium,26,high,overspeeding,minor,1,1,1,0.6
958,Delhi,Delhi,28.451359,76.816458,2023-03-08,00:00:00,Wednesday,0,highway,1,1,fog,low,33,medium,distraction,major,4,2,0,0.55
959,Chandigarh,Punjab,30.74015,76.840311,2024-08-09,05:00:00,Friday,0,urban,2,1,clear,high,16,high,drunk driving,minor,2,1,0,0.3
960,Mumbai,Maharashtra,18.840368,72.753638,2024-02-06,15:00:00,Tuesday,0,rural,6,0,rain,medium,20,high,weather,minor,4,1,0,0.45
961,Chennai,Tamil Nadu,13.080223,80.245501,2024-01-25,16:00:00,Thursday,0,urban,3,0,clear,high,27,high,drunk driving,minor,1,1,0,0.3
962,Mumbai,Maharashtra,18.927251,72.919959,2023-04-10,14:00:00,Monday,0,highway,6,1,fog,low,24,medium,weather,minor,4,0,0,0.45
963,Kolkata,West Bengal,22.535502,88.412769,2024-02-13,13:00:00,Tuesday,0,highway,3,1,fog,low,23,medium,distraction,minor,4,4,0,0.45
964,Kolkata,West Bengal,22.415701,88.457396,2025-02-13,10:00:00,Thursday,0,rural,5,1,rain,medium,26,medium,poor road,minor,3,0,1,0.4
965,Pune,Maharashtra,18.495109,73.906543,2024-01-25,20:00:00,Thursday,0,urban,2,1,fog,low,40,low,drunk driving,major,1,0,0,0.45
966,Chennai,Tamil Nadu,12.888951,80.260139,2023-11-13,14:00:00,Monday,0,highway,3,0,fog,low,39,high,poor road,fatal,1,1,0,0.85
967,Chennai,Tamil Nadu,13.068834,80.22901,2024-04-26,06:00:00,Friday,0,urban,6,0,fog,low,18,high,poor road,minor,1,1,0,0.65
968,Pune,Maharashtra,18.464483,73.758381,2022-11-29,22:00:00,Tuesday,0,urban,3,1,clear,high,16,low,poor road,minor,5,5,0,0.1
969,Hyderabad,Telangana,17.412991,78.396097,2023-05-30,18:00:00,Tuesday,0,highway,2,1,fog,low,28,medium,distraction,major,4,3,1,0.6
970,Bangalore,Karnataka,13.053242,77.726658,2022-11-07,13:00:00,Monday,0,urban,2,1,clear,high,31,low,drunk driving,fatal,1,1,0,0.3
971,Hyderabad,Telangana,17.223967,78.53245,2024-01-24,06:00:00,Wednesday,0,rural,4,1,fog,low,15,high,drunk driving,fatal,5,5,0,0.85
972,Mumbai,Maharashtra,19.205237,72.835166,2023-10-09,16:00:00,Monday,0,urban,3,1,clear,high,27,medium,poor road,minor,3,2,0,0.1
973,Chennai,Tamil Nadu,12.885642,80.167902,2022-11-14,04:00:00,Monday,0,highway,3,0,clear,high,26,low,drunk driving,minor,3,3,0,0.1
974,Bangalore,Karnataka,12.887308,77.672836,2025-02-04,14:00:00,Tuesday,0,rural,2,1,rain,low,28,high,overspeeding,minor,3,0,0,0.65
975,Pune,Maharashtra,18.566636,73.961867,2023-01-29,22:00:00,Sunday,1,urban,2,1,clear,high,23,low,overspeeding,fatal,5,5,0,0.3
976,Mumbai,Maharashtra,19.165947,72.979915,2023-03-04,02:00:00,Saturday,1,urban,6,1,clear,high,35,low,poor road,minor,3,0,0,0.1
977,Chennai,Tamil Nadu,13.046156,80.156044,2024-05-09,02:00:00,Thursday,0,highway,3,0,fog,low,17,low,weather,minor,5,3,0,0.45
978,Bangalore,Karnataka,13.005031,77.565602,2023-03-30,18:00:00,Thursday,0,urban,2,1,fog,low,18,medium,distraction,fatal,2,2,1,0.8
979,Chandigarh,Punjab,30.697067,76.8314,2023-05-22,16:00:00,Monday,0,rural,6,1,rain,low,16,medium,drunk driving,minor,2,2,0,0.45
980,Hyderabad,Telangana,17.304729,78.256467,2024-09-29,19:00:00,Sunday,1,urban,5,1,clear,high,28,high,overspeeding,minor,1,0,1,0.45
981,Delhi,Delhi,28.558359,76.921548,2023-08-21,05:00:00,Monday,0,highway,6,0,rain,medium,16,medium,poor road,major,1,1,0,0.25
982,Chandigarh,Punjab,30.60308,76.799977,2023-01-23,01:00:00,Monday,0,urban,2,0,clear,high,39,high,overspeeding,minor,4,4,0,0.3
983,Hyderabad,Telangana,17.544509,78.543743,2022-06-21,12:00:00,Tuesday,0,rural,6,1,rain,low,29,medium,poor road,minor,4,4,0,0.45
984,Chandigarh,Punjab,30.681949,76.854683,2023-01-27,10:00:00,Friday,0,highway,3,0,fog,low,31,medium,weather,major,1,0,1,0.6
985,Chandigarh,Punjab,30.682309,76.825526,2023-09-08,03:00:00,Friday,0,highway,2,0,rain,medium,36,low,weather,fatal,4,4,0,0.45
986,Chandigarh,Punjab,30.798723,76.887189,2024-05-17,19:00:00,Friday,0,highway,4,0,rain,low,20,low,weather,minor,2,0,1,0.6
987,Mumbai,Maharashtra,19.177278,72.822659,2024-01-01,09:00:00,Monday,0,rural,6,0,clear,high,28,high,overspeeding,major,5,5,1,0.45
988,Kolkata,West Bengal,22.417997,88.348912,2024-05-23,00:00:00,Thursday,0,highway,5,0,rain,low,36,low,poor road,minor,1,0,0,0.45
989,Chennai,Tamil Nadu,13.101136,80.130029,2023-09-20,20:00:00,Wednesday,0,highway,3,0,rain,low,34,low,weather,minor,2,1,0,0.45
990,Hyderabad,Telangana,17.452966,78.344772,2024-07-29,13:00:00,Monday,0,urban,2,0,clear,high,15,low,drunk driving,fatal,5,5,0,0.3
991,Kolkata,West Bengal,22.599208,88.445836,2025-03-25,16:00:00,Tuesday,0,highway,3,0,rain,low,34,high,distraction,fatal,1,1,0,0.85
992,Chennai,Tamil Nadu,13.1682,80.141954,2023-03-12,01:00:00,Sunday,1,rural,3,1,rain,medium,36,medium,distraction,minor,5,1,0,0.25
993,Kolkata,West Bengal,22.478206,88.305246,2023-03-29,01:00:00,Wednesday,0,urban,5,0,fog,low,18,low,drunk driving,major,1,0,0,0.45
994,Pune,Maharashtra,18.598176,73.813416,2023-05-11,10:00:00,Thursday,0,highway,3,0,fog,low,16,medium,drunk driving,fatal,1,1,1,0.8
995,Hyderabad,Telangana,17.355601,78.289833,2023-12-08,09:00:00,Friday,0,urban,5,1,fog,low,22,high,distraction,fatal,4,4,1,1.0
996,Kolkata,West Bengal,22.403587,88.275378,2022-07-24,07:00:00,Sunday,1,highway,4,1,fog,low,33,high,weather,minor,4,3,0,0.65
997,Kolkata,West Bengal,22.551192,88.47391,2024-03-23,02:00:00,Saturday,1,highway,6,1,rain,low,28,medium,overspeeding,minor,2,2,0,0.45
998,Chennai,Tamil Nadu,12.885827,80.187077,2024-04-24,07:00:00,Wednesday,0,highway,1,0,fog,low,30,low,distraction,fatal,5,5,0,0.65
999,Chennai,Tamil Nadu,12.931046,80.165453,2023-06-07,02:00:00,Wednesday,0,highway,6,1,clear,high,27,low,overspeeding,fatal,2,2,0,0.3
1000,Kolkata,West Bengal,22.456319,88.268281,2024-10-21,18:00:00,Monday,0,urban,5,0,rain,low,40,high,drunk driving,minor,2,2,1,0.8
1001,Chennai,Tamil Nadu,13.105252,80.289928,2023-06-28,21:00:00,Wednesday,0,highway,4,0,clear,high,23,medium,weather,fatal,3,3,0,0.3
1002,Pune,Maharashtra,18.615553,73.7091,2024-09-04,16:00:00,Wednesday,0,highway,2,0,rain,low,19,low,distraction,fatal,3,3,0,0.65
1003,Chennai,Tamil Nadu,13.132402,80.2171,2022-10-17,17:00:00,Monday,0,rural,1,0,rain,medium,28,high,poor road,minor,2,1,1,0.6
1004,Delhi,Delhi,28.507208,76.92161,2022-01-19,02:00:00,Wednesday,0,rural,4,0,clear,high,28,low,drunk driving,minor,5,2,0,0.1
1005,Chandigarh,Punjab,30.724415,76.836791,2022-07-10,01:00:00,Sunday,1,urban,1,0,clear,high,28,low,poor road,fatal,2,2,0,0.3
1006,Delhi,Delhi,28.694968,76.877059,2022-07-24,11:00:00,Sunday,1,highway,6,1,fog,low,21,medium,weather,major,2,2,0,0.45
1007,Kolkata,West Bengal,22.696824,88.238834,2024-06-16,00:00:00,Sunday,1,highway,4,0,rain,low,21,low,overspeeding,minor,4,1,0,0.45
1008,Kolkata,West Bengal,22.477827,88.413359,2022-05-09,15:00:00,Monday,0,rural,2,0,clear,high,16,low,weather,fatal,2,2,0,0.3
1009,Kolkata,West Bengal,22.660921,88.350744,2023-02-15,07:00:00,Wednesday,0,rural,1,0,clear,high,32,medium,drunk driving,major,5,1,0,0.1
1010,Pune,Maharashtra,18.540396,73.859431,2023-06-20,18:00:00,Tuesday,0,highway,3,1,clear,high,27,high,distraction,minor,4,0,1,0.45
1011,Mumbai,Maharashtra,19.180973,72.873025,2022-12-19,22:00:00,Monday,0,highway,1,0,clear,high,34,low,poor road,major,2,2,0,0.1
1012,Chandigarh,Punjab,30.619908,76.877726,2023-07-12,00:00:00,Wednesday,0,urban,3,0,fog,low,36,low,distraction,fatal,5,5,0,0.65
1013,Chandigarh,Punjab,30.613243,76.765798,2022-09-12,21:00:00,Monday,0,rural,2,0,fog,low,33,medium,weather,minor,4,4,0,0.45
1014,Chennai,Tamil Nadu,12.863699,80.222965,2024-05-25,09:00:00,Saturday,1,rural,4,0,clear,high,36,high,poor road,minor,2,0,1,0.45
1015,Mumbai,Maharashtra,19.010689,72.761092,2022-01-22,09:00:00,Saturday,1,rural,2,0,clear,high,36,low,distraction,fatal,5,5,1,0.45
1016,Mumbai,Maharashtra,18.841548,72.948274,2024-08-14,13:00:00,Wednesday,0,urban,5,1,fog,low,29,low,poor road,minor,2,1,0,0.45
1017,Bangalore,Karnataka,13.126207,77.791758,2024-01-22,19:00:00,Monday,0,highway,2,0,fog,low,35,high,distraction,major,5,5,1,0.8
1018,Chennai,Tamil Nadu,12.815252,80.242129,2022-01-29,15:00:00,Saturday,1,urban,6,1,rain,medium,26,medium,overspeeding,fatal,3,3,0,0.45
1019,Chennai,Tamil Nadu,12.924742,80.254927,2025-01-12,13:00:00,Sunday,1,rural,2,1,fog,low,21,high,weather,minor,4,2,0,0.65
1020,Delhi,Delhi,28.710737,77.193995,2024-08-29,18:00:00,Thursday,0,highway,6,0,rain,low,19,medium,overspeeding,minor,4,0,1,0.6
1021,Chennai,Tamil Nadu,12.872674,80.164163,2023-12-06,15:00:00,Wednesday,0,urban,5,1,fog,low,28,medium,poor road,minor,2,0,0,0.45
1022,Pune,Maharashtra,18.519177,73.899874,2023-10-06,19:00:00,Friday,0,urban,1,0,fog,low,33,high,distraction,minor,4,0,1,0.8
1023,Kolkata,West Bengal,22.673127,88.289099,2023-03-06,06:00:00,Monday,0,rural,5,1,rain,low,40,low,poor road,fatal,5,5,0,0.65
1024,Chennai,Tamil Nadu,12.824106,80.168157,2023-04-25,20:00:00,Tuesday,0,urban,6,1,clear,high,21,low,overspeeding,minor,1,1,0,0.1
1025,Mumbai,Maharashtra,18.829764,72.987682,2022-12-25,07:00:00,Sunday,1,rural,4,0,clear,high,21,medium,distraction,minor,4,3,0,0.1
1026,Chennai,Tamil Nadu,12.862118,80.250096,2023-07-26,23:00:00,Wednesday,0,highway,5,1,clear,high,27,high,weather,major,5,1,0,0.3
1027,Hyderabad,Telangana,17.485871,78.325206,2025-04-01,03:00:00,Tuesday,0,urban,5,0,rain,medium,26,low,distraction,minor,4,2,0,0.25
1028,Hyderabad,Telangana,17.260695,78.39314,2024-01-07,00:00:00,Sunday,1,highway,5,1,clear,high,16,low,poor road,major,3,2,0,0.1
1029,Chandigarh,Punjab,30.690939,76.875812,2025-03-13,03:00:00,Thursday,0,highway,4,0,clear,high,21,low,distraction,minor,1,1,0,0.1
1030,Bangalore,Karnataka,12.842634,77.513429,2023-09-11,19:00:00,Monday,0,highway,6,0,clear,high,37,medium,distraction,fatal,3,3,1,0.45
1031,Bangalore,Karnataka,13.066481,77.566033,2023-12-25,16:00:00,Monday,0,urban,5,0,rain,medium,16,low,drunk driving,minor,3,3,0,0.25
1032,Delhi,Delhi,28.474073,77.23707,2023-01-22,06:00:00,Sunday,1,highway,3,0,rain,low,31,low,distraction,fatal,4,4,0,0.65
1033,Chandigarh,Punjab,30.706832,76.836003,2022-10-21,03:00:00,Friday,0,highway,1,0,rain,medium,16,low,distraction,minor,4,0,0,0.25
1034,Pune,Maharashtra,18.548657,73.859781,2024-12-31,15:00:00,Tuesday,0,highway,6,0,clear,high,32,high,drunk driving,major,1,0,0,0.3
1035,Mumbai,Maharashtra,18.913223,72.751754,2024-06-22,18:00:00,Saturday,1,urban,4,0,clear,high,40,high,drunk driving,minor,5,3,1,0.45
1036,Hyderabad,Telangana,17.53703,78.541082,2024-07-26,06:00:00,Friday,0,urban,6,1,fog,low,27,medium,distraction,major,2,2,0,0.45
1037,Hyderabad,Telangana,17.548779,78.565817,2025-02-13,10:00:00,Thursday,0,rural,6,1,rain,low,20,low,distraction,major,1,1,1,0.6
1038,Chandigarh,Punjab,30.616399,76.797813,2023-12-19,23:00:00,Tuesday,0,highway,3,1,rain,low,40,high,overspeeding,fatal,2,2,0,0.85
1039,Chandigarh,Punjab,30.722189,76.863797,2024-12-02,04:00:00,Monday,0,rural,5,0,fog,low,19,low,overspeeding,minor,1,0,0,0.45
1040,Chennai,Tamil Nadu,13.050105,80.250811,2022-08-22,23:00:00,Monday,0,highway,5,1,fog,low,28,low,poor road,fatal,1,1,0,0.65
1041,Chennai,Tamil Nadu,13.0234,80.18927,2022-07-27,10:00:00,Wednesday,0,urban,5,0,fog,low,19,high,overspeeding,minor,5,0,1,0.8
1042,Chandigarh,Punjab,30.737195,76.85286,2024-03-08,06:00:00,Friday,0,highway,2,1,rain,low,34,high,overspeeding,major,3,0,0,0.65
1043,Pune,Maharashtra,18.430134,73.942958,2023-07-04,23:00:00,Tuesday,0,rural,1,0,rain,medium,35,high,weather,minor,4,1,0,0.45
1044,Delhi,Delhi,28.488242,76.976344,2023-02-07,05:00:00,Tuesday,0,urban,4,0,rain,low,35,low,distraction,minor,5,2,0,0.45
1045,Delhi,Delhi,28.679606,76.870758,2024-09-05,15:00:00,Thursday,0,urban,2,0,rain,low,23,high,poor road,minor,4,1,0,0.65
1046,Kolkata,West Bengal,22.538777,88.494385,2022-11-03,02:00:00,Thursday,0,rural,6,0,rain,low,31,low,distraction,minor,3,0,0,0.45
1047,Chennai,Tamil Nadu,13.104355,80.283238,2024-05-14,00:00:00,Tuesday,0,highway,1,0,fog,low,17,medium,distraction,minor,5,3,0,0.45
1048,Hyderabad,Telangana,17.229615,78.530172,2024-10-12,04:00:00,Saturday,1,urban,1,0,clear,high,21,medium,weather,minor,2,1,0,0.1
1049,Mumbai,Maharashtra,18.85369,72.733801,2022-11-12,14:00:00,Saturday,1,rural,6,0,rain,medium,37,medium,weather,major,3,3,0,0.25
1050,Hyderabad,Telangana,17.39392,78.2745,2023-08-24,15:00:00,Thursday,0,urban,4,0,rain,medium,26,medium,poor road,minor,1,1,0,0.25
1051,Chandigarh,Punjab,30.713203,76.856641,2023-12-17,06:00:00,Sunday,1,highway,5,0,rain,medium,15,high,distraction,minor,2,0,0,0.45
1052,Hyderabad,Telangana,17.599488,78.439608,2024-08-28,18:00:00,Wednesday,0,rural,1,1,rain,medium,26,medium,distraction,minor,3,3,1,0.4
1053,Hyderabad,Telangana,17.383833,78.51441,2022-05-14,01:00:00,Saturday,1,rural,2,1,rain,low,37,low,poor road,fatal,4,4,0,0.65
1054,Hyderabad,Telangana,17.409863,78.566816,2023-02-10,15:00:00,Friday,0,highway,1,0,clear,high,19,medium,weather,minor,2,1,0,0.1
1055,Mumbai,Maharashtra,19.186996,72.818626,2024-01-31,02:00:00,Wednesday,0,urban,1,0,rain,low,32,low,drunk driving,major,4,4,0,0.45
1056,Chennai,Tamil Nadu,12.947432,80.221219,2022-02-14,21:00:00,Monday,0,urban,4,0,clear,high,25,high,weather,major,1,0,0,0.3
1057,Chennai,Tamil Nadu,12.9592,80.247434,2024-11-19,02:00:00,Tuesday,0,rural,4,0,rain,low,22,low,weather,minor,4,4,0,0.45
1058,Chandigarh,Punjab,30.720973,76.781625,2022-10-07,10:00:00,Friday,0,highway,4,1,clear,high,25,medium,weather,fatal,1,1,1,0.45
1059,Pune,Maharashtra,18.699002,73.770044,2024-05-16,05:00:00,Thursday,0,rural,4,1,rain,low,35,high,drunk driving,major,2,0,0,0.65
1060,Hyderabad,Telangana,17.231167,78.434158,2022-07-10,05:00:00,Sunday,1,highway,4,1,clear,high,31,medium,weather,major,3,3,0,0.1
1061,Kolkata,West Bengal,22.66205,88.343272,2023-03-14,06:00:00,Tuesday,0,urban,1,1,fog,low,27,high,weather,major,3,3,0,0.65
1062,Bangalore,Karnataka,12.973634,77.681859,2022-09-30,05:00:00,Friday,0,highway,4,1,fog,low,39,low,drunk driving,fatal,2,2,0,0.65
1063,Mumbai,Maharashtra,18.923432,72.910162,2025-01-13,21:00:00,Monday,0,rural,5,0,clear,high,28,medium,drunk driving,major,1,1,0,0.1
1064,Hyderabad,Telangana,17.544024,78.275685,2023-10-02,11:00:00,Monday,0,rural,1,1,clear,high,29,medium,overspeeding,minor,5,3,0,0.1
1065,Chennai,Tamil Nadu,13.126374,80.232932,2022-06-15,19:00:00,Wednesday,0,urban,2,1,clear,high,25,high,distraction,minor,5,3,1,0.45
1066,Chennai,Tamil Nadu,13.134495,80.230798,2024-04-24,22:00:00,Wednesday,0,urban,3,1,clear,high,15,high,poor road,minor,2,2,0,0.3
1067,Chennai,Tamil Nadu,12.925445,80.229567,2023-05-10,12:00:00,Wednesday,0,urban,5,0,clear,high,24,high,drunk driving,major,2,1,0,0.3
1068,Kolkata,West Bengal,22.580433,88.497598,2023-11-07,04:00:00,Tuesday,0,urban,2,0,clear,high,29,low,poor road,major,5,2,0,0.1
1069,Pune,Maharashtra,18.555849,73.845649,2024-07-12,21:00:00,Friday,0,highway,3,1,fog,low,35,medium,drunk driving,minor,1,0,0,0.45
1070,Mumbai,Maharashtra,19.149028,72.830288,2022-07-16,11:00:00,Saturday,1,rural,1,1,rain,low,30,high,drunk driving,minor,2,1,0,0.65
1071,Pune,Maharashtra,18.692388,73.852683,2023-04-12,19:00:00,Wednesday,0,urban,3,0,fog,low,19,medium,drunk driving,minor,4,1,1,0.6
1072,Kolkata,West Bengal,22.497921,88.266707,2022-07-06,20:00:00,Wednesday,0,urban,4,0,rain,medium,32,medium,weather,major,5,2,0,0.25
1073,Pune,Maharashtra,18.6191,73.730558,2022-03-29,12:00:00,Tuesday,0,highway,1,1,fog,low,25,low,distraction,minor,3,1,0,0.45
1074,Pune,Maharashtra,18.464446,73.782791,2024-10-07,06:00:00,Monday,0,rural,5,1,fog,low,25,low,drunk driving,minor,2,0,0,0.45
1075,Hyderabad,Telangana,17.516163,78.210218,2022-04-13,01:00:00,Wednesday,0,urban,4,0,clear,high,39,low,drunk driving,major,1,0,0,0.1
1076,Chennai,Tamil Nadu,12.859974,80.13642,2022-04-07,19:00:00,Thursday,0,urban,1,0,rain,medium,29,medium,weather,fatal,5,5,1,0.6
1077,Mumbai,Maharashtra,19.217638,72.737487,2023-07-12,22:00:00,Wednesday,0,highway,3,0,clear,high,37,high,weather,major,4,3,0,0.3
1078,Delhi,Delhi,28.622856,77.298242,2023-04-27,14:00:00,Thursday,0,urban,1,1,clear,high,15,high,distraction,major,4,3,0,0.3
1079,Kolkata,West Bengal,22.60261,88.250945,2023-05-04,09:00:00,Thursday,0,urban,3,0,rain,low,24,high,overspeeding,minor,3,0,1,0.8
1080,Delhi,Delhi,28.551324,76.864926,2022-08-13,01:00:00,Saturday,1,highway,5,0,rain,medium,39,high,overspeeding,major,1,1,0,0.45
1081,Delhi,Delhi,28.497314,77.026326,2024-11-23,09:00:00,Saturday,1,rural,4,1,clear,high,21,medium,distraction,major,4,3,1,0.25
1082,Chandigarh,Punjab,30.750618,76.787775,2025-02-16,08:00:00,Sunday,1,highway,4,0,clear,high,22,high,distraction,minor,3,1,1,0.45
1083,Chandigarh,Punjab,30.785631,76.831264,2023-04-02,05:00:00,Sunday,1,highway,4,1,fog,low,24,medium,weather,minor,2,2,0,0.45
1084,Chennai,Tamil Nadu,12.912737,80.173525,2024-12-09,08:00:00,Monday,0,urban,1,0,clear,high,32,high,drunk driving,fatal,2,2,1,0.65
1085,Chennai,Tamil Nadu,13.07201,80.27389,2023-01-11,13:00:00,Wednesday,0,rural,2,0,fog,low,24,high,overspeeding,minor,5,4,0,0.65
1086,Kolkata,West Bengal,22.449789,88.338048,2022-05-16,23:00:00,Monday,0,urban,3,1,rain,low,18,medium,poor road,minor,1,0,0,0.45
1087,Delhi,Delhi,28.810318,77.215955,2022-11-04,19:00:00,Friday,0,urban,4,1,fog,low,37,medium,drunk driving,minor,4,0,1,0.6
1088,Bangalore,Karnataka,12.840188,77.424246,2022-09-26,12:00:00,Monday,0,rural,6,0,clear,high,15,low,poor road,major,3,1,0,0.1
1089,Bangalore,Karnataka,12.942739,77.48557,2022-02-16,19:00:00,Wednesday,0,rural,2,0,clear,high,28,high,poor road,fatal,1,1,1,0.65
1090,Delhi,Delhi,28.713093,76.955706,2023-03-10,17:00:00,Friday,0,rural,6,1,fog,low,27,medium,weather,fatal,5,5,1,0.8
1091,Kolkata,West Bengal,22.522831,88.326072,2022-11-07,16:00:00,Monday,0,urban,4,0,clear,high,17,medium,poor road,minor,4,1,0,0.1
1092,Bangalore,Karnataka,13.188794,77.584702,2023-11-03,21:00:00,Friday,0,highway,3,1,clear,high,19,medium,drunk driving,fatal,1,1,0,0.3
1093,Kolkata,West Bengal,22.595802,88.28374,2024-01-27,04:00:00,Saturday,1,urban,6,1,rain,medium,33,low,distraction,fatal,5,5,0,0.45
1094,Hyderabad,Telangana,17.258691,78.251113,2024-06-23,08:00:00,Sunday,1,urban,6,1,rain,low,33,medium,drunk driving,major,2,0,1,0.6
1095,Chennai,Tamil Nadu,12.812323,80.16859,2024-12-23,12:00:00,Monday,0,urban,3,0,fog,low,38,low,poor road,major,4,3,0,0.45
1096,Chandigarh,Punjab,30.738986,76.884664,2025-03-23,09:00:00,Sunday,1,rural,6,1,rain,medium,17,high,distraction,minor,4,1,1,0.6
1097,Delhi,Delhi,28.538246,77.034063,2022-04-09,13:00:00,Saturday,1,rural,1,0,rain,low,37,low,weather,minor,3,0,0,0.45
1098,Bangalore,Karnataka,12.805367,77.570926,2023-07-04,06:00:00,Tuesday,0,highway,5,1,fog,low,23,high,overspeeding,minor,4,3,0,0.65
1099,Delhi,Delhi,28.607078,76.826043,2023-10-11,12:00:00,Wednesday,0,rural,3,0,clear,high,15,medium,weather,fatal,3,3,0,0.3
1100,Kolkata,West Bengal,22.482398,88.205861,2022-06-01,08:00:00,Wednesday,0,highway,4,0,clear,high,19,low,poor road,minor,1,0,1,0.25
1101,Kolkata,West Bengal,22.666097,88.37372,2024-12-27,09:00:00,Friday,0,rural,4,0,rain,low,22,medium,poor road,minor,1,1,1,0.6
1102,Kolkata,West Bengal,22.661033,88.420417,2022-10-11,14:00:00,Tuesday,0,urban,4,1,rain,low,37,high,weather,major,4,1,0,0.65
1103,Chandigarh,Punjab,30.732348,76.876273,2022-06-04,01:00:00,Saturday,1,highway,5,0,clear,high,28,low,drunk driving,fatal,1,1,0,0.3
1104,Mumbai,Maharashtra,18.931963,72.884583,2022-09-06,01:00:00,Tuesday,0,rural,2,1,fog,low,20,low,weather,major,2,2,0,0.45
1105,Delhi,Delhi,28.437602,77.269674,2023-07-22,13:00:00,Saturday,1,urban,2,1,rain,medium,31,medium,distraction,minor,3,1,0,0.25
1106,Kolkata,West Bengal,22.493189,88.421944,2024-10-08,04:00:00,Tuesday,0,urban,1,0,rain,medium,28,low,poor road,major,3,2,0,0.25
1107,Delhi,Delhi,28.757403,77.189108,2024-05-22,22:00:00,Wednesday,0,highway,4,1,rain,low,19,low,drunk driving,major,3,3,0,0.45
1108,Chennai,Tamil Nadu,13.085771,80.161597,2024-08-26,02:00:00,Monday,0,urban,1,1,fog,low,28,low,poor road,major,4,2,0,0.45
1109,Bangalore,Karnataka,12.985755,77.628061,2023-10-31,17:00:00,Tuesday,0,rural,2,0,rain,low,18,high,poor road,major,1,1,1,0.8
1110,Bangalore,Karnataka,12.807803,77.444147,2025-04-08,06:00:00,Tuesday,0,highway,2,1,rain,medium,35,high,drunk driving,fatal,4,4,0,0.65
1111,Kolkata,West Bengal,22.601344,88.219433,2022-08-20,09:00:00,Saturday,1,highway,6,1,clear,high,17,medium,drunk driving,fatal,1,1,1,0.45
1112,Chandigarh,Punjab,30.63389,76.756106,2025-02-27,16:00:00,Thursday,0,highway,2,1,fog,low,34,high,poor road,major,4,2,0,0.65
1113,Chennai,Tamil Nadu,13.153851,80.222886,2022-06-08,19:00:00,Wednesday,0,highway,5,1,fog,low,37,high,overspeeding,minor,4,4,1,0.8
1114,Chennai,Tamil Nadu,13.121948,80.115833,2022-02-22,02:00:00,Tuesday,0,highway,4,0,fog,low,40,low,weather,minor,5,2,0,0.45
1115,Chandigarh,Punjab,30.705637,76.80416,2023-03-14,00:00:00,Tuesday,0,urban,6,0,clear,high,40,low,drunk driving,major,4,2,0,0.1
1116,Mumbai,Maharashtra,19.192173,72.820754,2023-06-09,10:00:00,Friday,0,highway,2,1,clear,high,26,medium,overspeeding,minor,3,0,1,0.25
1117,Mumbai,Maharashtra,18.998895,72.922412,2024-10-04,15:00:00,Friday,0,highway,4,0,rain,medium,23,low,distraction,fatal,2,2,0,0.45
1118,Mumbai,Maharashtra,18.953767,72.813528,2024-11-04,05:00:00,Monday,0,highway,1,1,fog,low,37,low,weather,minor,4,1,0,0.45
1119,Chennai,Tamil Nadu,12.919597,80.153443,2022-06-14,03:00:00,Tuesday,0,urban,2,0,fog,low,30,high,weather,fatal,4,4,0,0.85
1120,Chennai,Tamil Nadu,13.032794,80.212157,2024-05-20,00:00:00,Monday,0,rural,2,0,clear,high,17,low,weather,major,2,0,0,0.1
1121,Delhi,Delhi,28.423006,76.983714,2023-01-29,22:00:00,Sunday,1,highway,2,0,rain,low,17,low,overspeeding,fatal,3,3,0,0.65
1122,Pune,Maharashtra,18.563073,73.95705,2023-11-29,18:00:00,Wednesday,0,highway,3,1,fog,low,26,high,distraction,fatal,3,3,1,1.0
1123,Mumbai,Maharashtra,18.875242,72.96189,2023-05-13,00:00:00,Saturday,1,urban,3,1,clear,high,21,medium,distraction,minor,1,1,0,0.1
1124,Bangalore,Karnataka,13.085629,77.595586,2023-12-23,22:00:00,Saturday,1,rural,2,0,rain,medium,30,high,poor road,major,3,3,0,0.45
1125,Delhi,Delhi,28.812986,76.86493,2022-06-18,18:00:00,Saturday,1,urban,6,1,rain,medium,29,high,distraction,minor,3,1,1,0.6
1126,Delhi,Delhi,28.745726,77.032452,2022-01-03,13:00:00,Monday,0,highway,5,1,rain,low,16,low,distraction,major,1,0,0,0.45
1127,Hyderabad,Telangana,17.493273,78.312219,2024-05-23,05:00:00,Thursday,0,highway,2,1,fog,low,30,medium,overspeeding,major,2,0,0,0.45
1128,Chandigarh,Punjab,30.718602,76.858173,2024-05-17,14:00:00,Friday,0,highway,5,1,clear,high,31,low,drunk driving,minor,3,2,0,0.1
1129,Hyderabad,Telangana,17.398233,78.283402,2024-03-12,20:00:00,Tuesday,0,rural,5,1,rain,medium,24,medium,overspeeding,major,3,3,0,0.25
1130,Chandigarh,Punjab,30.671994,76.803716,2023-03-11,16:00:00,Saturday,1,rural,2,1,rain,medium,24,medium,poor road,fatal,2,2,0,0.45
1131,Mumbai,Maharashtra,19.090747,72.717097,2024-07-13,07:00:00,Saturday,1,highway,1,1,rain,medium,23,medium,distraction,major,4,4,0,0.25
1132,Chandigarh,Punjab,30.798291,76.838585,2024-01-21,19:00:00,Sunday,1,rural,1,0,fog,low,33,medium,poor road,fatal,3,3,1,0.8
1133,Delhi,Delhi,28.476489,77.002961,2025-03-17,01:00:00,Monday,0,highway,3,0,rain,low,36,high,weather,minor,4,4,0,0.65
1134,Delhi,Delhi,28.648927,76.889766,2022-04-19,12:00:00,Tuesday,0,urban,5,1,fog,low,20,medium,drunk driving,major,5,4,0,0.45
1135,Mumbai,Maharashtra,19.221086,72.943044,2024-02-02,08:00:00,Friday,0,urban,2,0,rain,medium,22,high,distraction,major,2,2,1,0.6
1136,Delhi,Delhi,28.600949,76.854603,2023-11-16,06:00:00,Thursday,0,urban,2,0,rain,low,35,medium,poor road,major,1,1,0,0.45
1137,Delhi,Delhi,28.545774,77.069761,2022-12-02,02:00:00,Friday,0,highway,1,0,fog,low,20,low,poor road,minor,2,0,0,0.45
1138,Kolkata,West Bengal,22.52625,88.30521,2025-03-22,00:00:00,Saturday,1,rural,1,0,rain,low,24,low,drunk driving,major,3,0,0,0.45
1139,Bangalore,Karnataka,13.055615,77.505528,2023-09-27,09:00:00,Wednesday,0,highway,2,1,fog,low,36,high,poor road,minor,4,0,1,0.8
1140,Delhi,Delhi,28.605926,77.225457,2022-12-07,15:00:00,Wednesday,0,highway,2,1,rain,low,16,high,overspeeding,minor,2,2,0,0.65
1141,Delhi,Delhi,28.410312,76.97271,2022-03-05,18:00:00,Saturday,1,urban,4,0,clear,high,31,medium,poor road,minor,1,1,1,0.25
1142,Kolkata,West Bengal,22.45261,88.267669,2024-08-07,04:00:00,Wednesday,0,urban,3,0,fog,low,23,low,weather,minor,2,2,0,0.45
1143,Bangalore,Karnataka,13.076719,77.790458,2022-03-09,16:00:00,Wednesday,0,highway,5,0,clear,high,39,medium,poor road,minor,2,2,0,0.1
1144,Kolkata,West Bengal,22.527538,88.308559,2024-11-19,03:00:00,Tuesday,0,highway,6,1,fog,low,15,low,distraction,fatal,5,5,0,0.65
1145,Mumbai,Maharashtra,19.137008,72.985477,2023-09-16,07:00:00,Saturday,1,rural,1,0,clear,high,27,medium,weather,minor,3,0,0,0.1
1146,Pune,Maharashtra,18.548045,73.92478,2024-01-28,08:00:00,Sunday,1,highway,6,0,rain,low,25,medium,drunk driving,minor,1,1,1,0.6
1147,Chandigarh,Punjab,30.729079,76.735092,2024-12-06,04:00:00,Friday,0,rural,2,0,fog,low,15,low,weather,minor,3,1,0,0.45
1148,Hyderabad,Telangana,17.403884,78.573596,2022-05-12,00:00:00,Thursday,0,highway,4,0,clear,high,25,low,overspeeding,major,5,5,0,0.1
1149,Hyderabad,Telangana,17.310355,78.361452,2024-06-01,19:00:00,Saturday,1,urban,2,0,clear,high,20,low,poor road,major,4,1,1,0.25
1150,Chennai,Tamil Nadu,13.113592,80.299163,2022-11-25,10:00:00,Friday,0,highway,2,1,rain,medium,23,medium,weather,minor,1,0,1,0.4
1151,Bangalore,Karnataka,13.015842,77.468103,2025-01-16,18:00:00,Thursday,0,highway,1,0,rain,medium,36,medium,weather,fatal,1,1,1,0.6
1152,Delhi,Delhi,28.862394,76.802091,2022-10-15,23:00:00,Saturday,1,urban,1,1,rain,low,16,high,poor road,minor,4,0,0,0.65
1153,Delhi,Delhi,28.88238,77.092977,2023-06-15,19:00:00,Thursday,0,highway,6,1,rain,medium,25,high,distraction,fatal,1,1,1,0.8
1154,Chennai,Tamil Nadu,12.866343,80.196234,2023-03-17,05:00:00,Friday,0,urban,5,0,rain,medium,30,medium,distraction,minor,2,0,0,0.25
1155,Pune,Maharashtra,18.568833,73.976894,2024-04-27,14:00:00,Saturday,1,highway,5,1,fog,low,22,low,poor road,minor,2,1,0,0.45
1156,Mumbai,Maharashtra,19.012057,72.954683,2023-10-01,12:00:00,Sunday,1,rural,6,1,fog,low,31,medium,weather,major,1,0,0,0.45
1157,Delhi,Delhi,28.592056,77.269174,2024-03-08,22:00:00,Friday,0,highway,4,0,fog,low,23,medium,overspeeding,major,4,1,0,0.45
1158,Pune,Maharashtra,18.406761,73.857925,2024-09-26,18:00:00,Thursday,0,urban,6,1,clear,high,24,medium,distraction,major,5,1,1,0.25
1159,Bangalore,Karnataka,12.842803,77.75041,2023-04-15,07:00:00,Saturday,1,highway,3,1,fog,low,21,low,drunk driving,minor,2,2,0,0.45
1160,Bangalore,Karnataka,13.012282,77.797013,2023-03-28,20:00:00,Tuesday,0,rural,4,0,clear,high,27,low,weather,minor,1,1,0,0.1
1161,Delhi,Delhi,28.687737,76.859762,2023-07-19,07:00:00,Wednesday,0,urban,1,0,fog,low,23,medium,overspeeding,minor,1,0,0,0.45
1162,Mumbai,Maharashtra,19.211662,72.739689,2023-12-17,19:00:00,Sunday,1,highway,1,0,fog,low,39,low,overspeeding,minor,4,4,1,0.6
1163,Chandigarh,Punjab,30.778238,76.766373,2023-06-01,13:00:00,Thursday,0,highway,3,1,fog,low,18,low,poor road,minor,1,0,0,0.45
1164,Delhi,Delhi,28.814349,77.083876,2022-05-25,19:00:00,Wednesday,0,urban,4,1,fog,low,31,medium,distraction,minor,1,1,1,0.6
1165,Delhi,Delhi,28.478773,77.003241,2023-09-20,13:00:00,Wednesday,0,highway,6,0,fog,low,36,medium,drunk driving,minor,3,2,0,0.45
1166,Chennai,Tamil Nadu,13.139816,80.164193,2025-02-04,01:00:00,Tuesday,0,urban,3,1,rain,low,29,medium,overspeeding,minor,5,5,0,0.45
1167,Hyderabad,Telangana,17.41325,78.524265,2024-05-06,07:00:00,Monday,0,rural,5,1,fog,low,38,high,drunk driving,minor,1,0,0,0.65
1168,Delhi,Delhi,28.838442,77.263335,2022-06-13,18:00:00,Monday,0,urban,1,1,fog,low,26,medium,poor road,major,3,0,1,0.6
1169,Mumbai,Maharashtra,18.852906,72.946871,2025-03-08,06:00:00,Saturday,1,highway,5,1,rain,medium,18,high,distraction,minor,4,4,0,0.45
1170,Delhi,Delhi,28.748241,76.997351,2024-01-12,15:00:00,Friday,0,urban,4,0,fog,low,15,high,distraction,major,2,0,0,0.65
1171,Hyderabad,Telangana,17.529057,78.454022,2023-08-23,22:00:00,Wednesday,0,highway,2,1,rain,medium,40,low,poor road,fatal,4,4,0,0.45
1172,Mumbai,Maharashtra,19.1432,72.959217,2024-03-21,02:00:00,Thursday,0,urban,4,0,clear,high,15,low,poor road,minor,4,1,0,0.1
1173,Delhi,Delhi,28.894702,76.947816,2025-01-02,02:00:00,Thursday,0,highway,1,0,fog,low,17,high,distraction,major,3,1,0,0.65
1174,Chandigarh,Punjab,30.746622,76.7923,2022-03-30,18:00:00,Wednesday,0,highway,6,1,clear,high,34,high,drunk driving,minor,1,1,1,0.45
1175,Bangalore,Karnataka,12.904959,77.572763,2022-05-11,03:00:00,Wednesday,0,urban,4,1,clear,high,24,low,distraction,fatal,1,1,0,0.3
1176,Delhi,Delhi,28.752161,76.986809,2022-12-01,19:00:00,Thursday,0,rural,2,1,fog,low,27,high,distraction,fatal,4,4,1,1.0
1177,Pune,Maharashtra,18.596281,73.766476,2022-11-09,03:00:00,Wednesday,0,urban,3,1,fog,low,22,medium,poor road,major,2,0,0,0.45
1178,Pune,Maharashtra,18.607778,73.881322,2022-07-13,12:00:00,Wednesday,0,urban,2,0,clear,high,33,low,overspeeding,minor,5,2,0,0.1
1179,Mumbai,Maharashtra,18.819483,72.934665,2024-09-30,14:00:00,Monday,0,highway,5,1,fog,low,20,high,poor road,minor,5,4,0,0.65
1180,Mumbai,Maharashtra,19.293086,72.889535,2025-02-14,19:00:00,Friday,0,rural,6,0,rain,low,36,medium,distraction,minor,5,5,1,0.6
1181,Bangalore,Karnataka,12.817483,77.495538,2024-09-08,17:00:00,Sunday,1,urban,4,1,rain,medium,23,high,distraction,major,3,1,1,0.6
1182,Kolkata,West Bengal,22.613682,88.266273,2023-04-10,09:00:00,Monday,0,rural,4,1,rain,low,34,high,weather,minor,4,0,1,0.8
1183,Hyderabad,Telangana,17.331046,78.352564,2024-09-07,10:00:00,Saturday,1,urban,5,0,clear,high,38,medium,weather,major,2,1,1,0.25
1184,Hyderabad,Telangana,17.494501,78.236971,2022-11-18,13:00:00,Friday,0,rural,5,0,fog,low,36,low,weather,minor,3,3,0,0.45
1185,Mumbai,Maharashtra,18.886379,72.746221,2023-05-28,18:00:00,Sunday,1,highway,3,0,rain,low,26,medium,weather,major,4,1,1,0.6
1186,Mumbai,Maharashtra,18.937228,72.913088,2024-06-30,12:00:00,Sunday,1,rural,2,0,fog,low,38,low,distraction,minor,1,1,0,0.45
1187,Chennai,Tamil Nadu,12.82502,80.180172,2022-06-22,03:00:00,Wednesday,0,urban,1,0,rain,medium,19,high,distraction,minor,5,2,0,0.45
1188,Mumbai,Maharashtra,19.108762,72.745438,2024-05-19,14:00:00,Sunday,1,highway,6,1,clear,high,38,low,overspeeding,minor,2,0,0,0.1
1189,Chennai,Tamil Nadu,12.871585,80.233698,2022-12-31,19:00:00,Saturday,1,urban,2,0,clear,high,35,high,overspeeding,minor,2,0,1,0.45
1190,Kolkata,West Bengal,22.67407,88.42405,2022-06-09,13:00:00,Thursday,0,urban,1,0,clear,high,26,high,distraction,major,4,3,0,0.3
1191,Hyderabad,Telangana,17.373833,78.459695,2025-04-03,11:00:00,Thursday,0,urban,6,1,rain,low,27,high,drunk driving,major,3,0,0,0.65
1192,Bangalore,Karnataka,12.94777,77.799432,2024-06-26,23:00:00,Wednesday,0,rural,5,1,fog,low,36,low,poor road,major,3,2,0,0.45
1193,Hyderabad,Telangana,17.418886,78.362018,2022-08-15,07:00:00,Monday,0,urban,1,1,fog,low,38,high,distraction,minor,3,3,0,0.65
1194,Mumbai,Maharashtra,18.888312,72.746661,2023-10-10,08:00:00,Tuesday,0,urban,1,1,fog,low,24,high,overspeeding,fatal,4,4,1,1.0
1195,Kolkata,West Bengal,22.679059,88.215079,2023-06-29,12:00:00,Thursday,0,rural,3,0,rain,low,33,low,overspeeding,minor,1,0,0,0.45
1196,Chandigarh,Punjab,30.786909,76.833204,2023-05-01,09:00:00,Monday,0,highway,1,0,clear,high,18,high,poor road,minor,2,1,1,0.45
1197,Chandigarh,Punjab,30.608046,76.734432,2022-04-19,02:00:00,Tuesday,0,rural,6,1,fog,low,34,medium,overspeeding,major,3,3,0,0.45
1198,Delhi,Delhi,28.653811,77.156504,2022-10-31,22:00:00,Monday,0,rural,6,1,clear,high,22,medium,distraction,major,2,0,0,0.1
1199,Hyderabad,Telangana,17.507684,78.327103,2024-07-06,01:00:00,Saturday,1,urban,2,1,rain,low,19,low,weather,minor,5,1,0,0.45
1200,Hyderabad,Telangana,17.252002,78.462556,2022-09-12,20:00:00,Monday,0,rural,3,0,rain,low,36,medium,poor road,major,2,2,0,0.45
1201,Chennai,Tamil Nadu,12.974196,80.262335,2023-04-18,23:00:00,Tuesday,0,highway,4,0,rain,low,39,high,distraction,fatal,5,5,0,0.85
1202,Chennai,Tamil Nadu,13.029198,80.168271,2024-04-13,13:00:00,Saturday,1,highway,4,0,clear,high,32,high,overspeeding,minor,3,3,0,0.3
1203,Delhi,Delhi,28.677225,77.164814,2024-05-17,20:00:00,Friday,0,highway,2,0,fog,low,20,high,poor road,minor,3,3,0,0.65
1204,Hyderabad,Telangana,17.218279,78.564934,2022-07-17,17:00:00,Sunday,1,rural,6,1,fog,low,29,medium,weather,minor,1,0,1,0.6
1205,Mumbai,Maharashtra,18.923979,72.866908,2024-08-03,14:00:00,Saturday,1,rural,4,1,clear,high,24,medium,overspeeding,minor,1,0,0,0.1
1206,Bangalore,Karnataka,12.809608,77.627387,2022-01-01,15:00:00,Saturday,1,rural,5,1,fog,low,30,high,weather,minor,5,5,0,0.65
1207,Hyderabad,Telangana,17.465683,78.451955,2023-08-07,22:00:00,Monday,0,urban,3,1,rain,low,15,medium,distraction,major,4,1,0,0.45
1208,Delhi,Delhi,28.521312,76.999194,2022-03-06,20:00:00,Sunday,1,rural,1,0,rain,medium,33,medium,distraction,major,3,0,0,0.25
1209,Mumbai,Maharashtra,19.079194,72.974309,2022-05-17,16:00:00,Tuesday,0,highway,3,1,fog,low,22,low,weather,major,5,4,0,0.45
1210,Pune,Maharashtra,18.558531,73.975769,2022-07-13,23:00:00,Wednesday,0,rural,3,0,clear,high,39,low,weather,major,2,0,0,0.1
1211,Chennai,Tamil Nadu,13.04075,80.235901,2024-03-17,09:00:00,Sunday,1,rural,1,1,rain,medium,17,high,poor road,major,2,0,1,0.6
1212,Bangalore,Karnataka,13.017352,77.796523,2023-03-15,20:00:00,Wednesday,0,rural,4,0,rain,medium,38,high,distraction,minor,5,3,0,0.45
1213,Pune,Maharashtra,18.655162,73.991622,2023-11-13,15:00:00,Monday,0,highway,4,0,clear,high,19,low,distraction,fatal,2,2,0,0.3
1214,Delhi,Delhi,28.502741,77.194465,2023-01-04,23:00:00,Wednesday,0,rural,3,0,fog,low,40,high,poor road,minor,3,3,0,0.65
1215,Mumbai,Maharashtra,18.909538,72.724193,2023-09-29,17:00:00,Friday,0,highway,2,0,rain,medium,21,medium,poor road,minor,1,0,1,0.4
1216,Chennai,Tamil Nadu,13.127776,80.222476,2024-12-05,01:00:00,Thursday,0,rural,6,1,fog,low,39,medium,poor road,minor,4,0,0,0.45
1217,Kolkata,West Bengal,22.54351,88.321421,2024-08-07,18:00:00,Wednesday,0,urban,2,0,clear,high,18,medium,overspeeding,major,5,3,1,0.25
1218,Delhi,Delhi,28.74268,77.096655,2025-04-02,01:00:00,Wednesday,0,highway,3,1,fog,low,26,low,poor road,minor,5,5,0,0.45
1219,Chandigarh,Punjab,30.614284,76.851598,2023-11-23,16:00:00,Thursday,0,rural,2,1,rain,low,24,low,drunk driving,minor,2,0,0,0.45
1220,Chennai,Tamil Nadu,12.891178,80.14983,2025-01-24,14:00:00,Friday,0,urban,2,1,clear,high,26,low,weather,minor,3,3,0,0.1
1221,Chennai,Tamil Nadu,13.069127,80.267634,2023-07-09,08:00:00,Sunday,1,highway,5,1,rain,low,40,high,overspeeding,fatal,1,1,1,1.0
1222,Kolkata,West Bengal,22.539784,88.368192,2024-12-14,22:00:00,Saturday,1,urban,4,1,clear,high,36,medium,drunk driving,fatal,2,2,0,0.3
1223,Pune,Maharashtra,18.404254,73.912078,2022-05-07,08:00:00,Saturday,1,urban,4,0,fog,low,19,high,poor road,fatal,3,3,1,1.0
1224,Pune,Maharashtra,18.529173,73.812575,2023-07-02,07:00:00,Sunday,1,urban,1,1,rain,medium,28,high,distraction,major,2,1,0,0.45
1225,Chandigarh,Punjab,30.73139,76.769559,2023-04-21,14:00:00,Friday,0,urban,3,0,rain,medium,22,low,weather,minor,3,3,0,0.25
1226,Delhi,Delhi,28.403675,77.296152,2022-01-22,02:00:00,Saturday,1,urban,6,0,rain,low,26,medium,drunk driving,fatal,5,5,0,0.65
1227,Bangalore,Karnataka,12.839165,77.520881,2023-04-20,17:00:00,Thursday,0,urban,6,0,rain,low,34,high,distraction,minor,2,0,1,0.8
1228,Bangalore,Karnataka,13.189709,77.406133,2025-01-10,23:00:00,Friday,0,urban,4,0,rain,medium,18,high,drunk driving,minor,1,1,0,0.45
1229,Delhi,Delhi,28.616759,77.274264,2022-07-02,23:00:00,Saturday,1,highway,2,1,rain,medium,38,high,weather,major,3,1,0,0.45
1230,Bangalore,Karnataka,12.952636,77.591347,2022-12-24,08:00:00,Saturday,1,urban,1,1,rain,low,31,high,poor road,major,5,0,1,0.8
1231,Chandigarh,Punjab,30.692711,76.705106,2024-06-21,23:00:00,Friday,0,rural,2,1,fog,low,27,low,weather,major,1,1,0,0.45
1232,Chennai,Tamil Nadu,12.90234,80.177051,2025-01-21,12:00:00,Tuesday,0,rural,3,0,clear,high,20,medium,overspeeding,major,4,0,0,0.1
1233,Hyderabad,Telangana,17.460004,78.545962,2024-06-14,04:00:00,Friday,0,rural,1,0,fog,low,24,medium,drunk driving,minor,2,2,0,0.45
1234,Chandigarh,Punjab,30.732717,76.842183,2022-03-21,04:00:00,Monday,0,highway,4,0,clear,high,35,low,overspeeding,minor,5,0,0,0.1
1235,Chennai,Tamil Nadu,13.124944,80.175219,2022-11-21,15:00:00,Monday,0,urban,5,1,clear,high,29,low,overspeeding,major,2,1,0,0.1
1236,Kolkata,West Bengal,22.560295,88.327778,2024-01-15,21:00:00,Monday,0,highway,1,0,clear,high,26,medium,weather,minor,5,5,0,0.1
1237,Hyderabad,Telangana,17.354502,78.365204,2022-07-22,00:00:00,Friday,0,rural,1,1,clear,high,20,low,poor road,minor,1,0,0,0.1
1238,Chandigarh,Punjab,30.737214,76.896028,2022-07-06,01:00:00,Wednesday,0,rural,5,1,rain,low,28,low,distraction,minor,5,1,0,0.45
1239,Delhi,Delhi,28.594756,77.268608,2023-03-09,11:00:00,Thursday,0,urban,2,1,rain,low,22,low,overspeeding,major,1,0,0,0.45
1240,Mumbai,Maharashtra,18.99399,72.906749,2022-04-22,08:00:00,Friday,0,highway,4,0,clear,high,28,medium,drunk driving,minor,1,1,1,0.25
1241,Pune,Maharashtra,18.662851,73.701056,2024-06-22,21:00:00,Saturday,1,rural,5,1,rain,medium,38,low,distraction,minor,4,3,0,0.25
1242,Pune,Maharashtra,18.50867,73.882017,2023-11-06,15:00:00,Monday,0,rural,4,1,clear,high,25,medium,distraction,major,1,1,0,0.1
1243,Delhi,Delhi,28.727625,77.112512,2025-03-05,21:00:00,Wednesday,0,highway,2,0,fog,low,27,high,distraction,major,5,3,0,0.65
1244,Chandigarh,Punjab,30.689054,76.709558,2022-05-05,06:00:00,Thursday,0,highway,6,0,rain,low,20,low,drunk driving,minor,5,1,0,0.45
1245,Hyderabad,Telangana,17.250229,78.524502,2024-06-23,14:00:00,Sunday,1,urban,2,1,fog,low,33,medium,drunk driving,minor,3,0,0,0.45
1246,Mumbai,Maharashtra,18.996819,72.817442,2023-09-13,00:00:00,Wednesday,0,urban,1,1,rain,medium,38,low,poor road,minor,3,0,0,0.25
1247,Mumbai,Maharashtra,19.152217,72.879779,2022-01-01,19:00:00,Saturday,1,highway,2,0,rain,low,37,high,drunk driving,fatal,5,5,1,1.0
1248,Pune,Maharashtra,18.600064,73.979374,2022-03-02,04:00:00,Wednesday,0,urban,1,0,rain,medium,26,low,weather,major,4,1,0,0.25
1249,Hyderabad,Telangana,17.521543,78.354057,2022-09-24,21:00:00,Saturday,1,highway,3,0,fog,low,28,low,poor road,major,1,1,0,0.45
1250,Bangalore,Karnataka,13.034066,77.680384,2022-01-05,15:00:00,Wednesday,0,urban,1,0,clear,high,39,low,overspeeding,minor,5,3,0,0.1
1251,Delhi,Delhi,28.71354,77.190937,2024-09-18,23:00:00,Wednesday,0,urban,3,0,rain,medium,39,low,poor road,minor,4,0,0,0.25
1252,Mumbai,Maharashtra,18.978792,72.795702,2023-06-25,20:00:00,Sunday,1,urban,4,0,fog,low,20,medium,poor road,minor,1,1,0,0.45
1253,Chennai,Tamil Nadu,12.873977,80.170854,2022-01-02,06:00:00,Sunday,1,urban,1,0,rain,medium,18,high,overspeeding,minor,5,5,0,0.45
1254,Bangalore,Karnataka,12.803683,77.796433,2024-08-07,01:00:00,Wednesday,0,highway,3,1,fog,low,30,medium,overspeeding,minor,3,2,0,0.45
1255,Delhi,Delhi,28.637732,77.20772,2023-02-07,15:00:00,Tuesday,0,urban,1,1,fog,low,39,medium,weather,minor,4,4,0,0.45
1256,Mumbai,Maharashtra,18.886821,72.791664,2023-07-06,10:00:00,Thursday,0,rural,3,1,clear,high,30,medium,distraction,minor,4,2,1,0.25
1257,Bangalore,Karnataka,13.123688,77.585259,2023-12-19,09:00:00,Tuesday,0,urban,1,1,fog,low,37,high,poor road,major,1,1,1,0.8
1258,Hyderabad,Telangana,17.453383,78.46643,2024-06-11,01:00:00,Tuesday,0,rural,3,1,fog,low,38,medium,weather,major,3,1,0,0.45
1259,Bangalore,Karnataka,12.815939,77.674259,2023-05-14,22:00:00,Sunday,1,rural,4,1,rain,medium,37,high,weather,minor,3,2,0,0.45
1260,Chandigarh,Punjab,30.799019,76.705086,2025-03-24,20:00:00,Monday,0,highway,5,1,fog,low,21,low,poor road,major,4,1,0,0.45
1261,Mumbai,Maharashtra,18.839938,72.841699,2022-12-09,06:00:00,Friday,0,highway,6,0,fog,low,22,high,distraction,major,2,1,0,0.65
1262,Hyderabad,Telangana,17.477902,78.588939,2023-03-17,03:00:00,Friday,0,rural,3,0,clear,high,40,medium,overspeeding,minor,5,5,0,0.1
1263,Delhi,Delhi,28.769399,76.958676,2023-01-15,19:00:00,Sunday,1,highway,2,1,rain,medium,17,medium,distraction,minor,3,3,1,0.4
1264,Chennai,Tamil Nadu,13.058188,80.211724,2025-01-27,12:00:00,Monday,0,rural,2,1,rain,low,23,medium,weather,major,3,2,0,0.45
1265,Hyderabad,Telangana,17.214265,78.38621,2024-04-19,19:00:00,Friday,0,urban,5,1,rain,low,21,low,distraction,major,1,0,1,0.6
1266,Pune,Maharashtra,18.450722,73.758431,2024-03-20,11:00:00,Wednesday,0,highway,5,0,rain,low,25,medium,weather,major,3,3,0,0.45
1267,Pune,Maharashtra,18.611032,73.958189,2022-11-18,01:00:00,Friday,0,rural,4,0,clear,high,40,low,drunk driving,major,2,1,0,0.1
1268,Chennai,Tamil Nadu,12.824737,80.131002,2022-09-01,00:00:00,Thursday,0,rural,6,0,fog,low,35,low,weather,major,2,0,0,0.45
1269,Chennai,Tamil Nadu,13.164131,80.133463,2024-06-24,22:00:00,Monday,0,rural,6,1,clear,high,19,medium,drunk driving,minor,1,1,0,0.1
1270,Chandigarh,Punjab,30.706306,76.781405,2024-04-04,03:00:00,Thursday,0,highway,6,1,rain,medium,30,medium,overspeeding,major,2,1,0,0.25
1271,Hyderabad,Telangana,17.5646,78.213262,2023-07-21,00:00:00,Friday,0,highway,2,0,fog,low,28,low,drunk driving,minor,4,1,0,0.45
1272,Chandigarh,Punjab,30.756854,76.813117,2024-06-27,11:00:00,Thursday,0,rural,4,0,rain,medium,17,low,drunk driving,minor,4,2,0,0.25
1273,Pune,Maharashtra,18.633013,73.719726,2023-08-04,18:00:00,Friday,0,urban,3,1,clear,high,30,medium,weather,minor,1,0,1,0.25
1274,Bangalore,Karnataka,12.955431,77.591543,2022-04-30,16:00:00,Saturday,1,highway,3,1,clear,high,34,low,drunk driving,minor,4,1,0,0.1
1275,Chennai,Tamil Nadu,12.910297,80.204532,2023-08-27,06:00:00,Sunday,1,rural,2,0,fog,low,28,low,distraction,minor,2,2,0,0.45
1276,Chandigarh,Punjab,30.723756,76.885916,2024-07-18,06:00:00,Thursday,0,urban,2,1,rain,low,26,low,weather,minor,5,1,0,0.45
1277,Pune,Maharashtra,18.414891,73.740661,2025-03-11,09:00:00,Tuesday,0,urban,6,1,rain,low,16,medium,overspeeding,major,4,3,1,0.6
1278,Chandigarh,Punjab,30.793715,76.800278,2022-09-08,07:00:00,Thursday,0,rural,6,0,fog,low,24,medium,poor road,minor,3,3,0,0.45
1279,Kolkata,West Bengal,22.551766,88.203644,2024-09-22,04:00:00,Sunday,1,rural,5,0,rain,medium,27,medium,drunk driving,minor,1,0,0,0.25
1280,Pune,Maharashtra,18.420291,73.986825,2023-03-16,10:00:00,Thursday,0,rural,3,0,fog,low,40,high,weather,major,5,2,1,0.8
1281,Chandigarh,Punjab,30.672345,76.802474,2024-01-13,20:00:00,Saturday,1,urban,2,0,rain,medium,19,high,distraction,minor,2,1,0,0.45
1282,Hyderabad,Telangana,17.495218,78.31752,2022-06-12,00:00:00,Sunday,1,urban,3,0,fog,low,28,low,drunk driving,minor,1,0,0,0.45
1283,Hyderabad,Telangana,17.519525,78.51201,2024-08-02,11:00:00,Friday,0,urban,5,0,rain,low,19,low,overspeeding,minor,4,2,0,0.45
1284,Chennai,Tamil Nadu,13.10602,80.241722,2024-05-29,18:00:00,Wednesday,0,rural,4,1,clear,high,25,high,overspeeding,major,5,1,1,0.45
1285,Pune,Maharashtra,18.55551,73.854809,2022-09-13,07:00:00,Tuesday,0,urban,5,1,rain,medium,24,low,poor road,major,2,0,0,0.25
1286,Chandigarh,Punjab,30.609978,76.722758,2022-02-18,22:00:00,Friday,0,rural,3,1,clear,high,33,low,distraction,minor,3,3,0,0.1
1287,Chandigarh,Punjab,30.693623,76.724884,2023-07-03,06:00:00,Monday,0,highway,4,0,rain,medium,17,medium,drunk driving,minor,2,1,0,0.25
1288,Bangalore,Karnataka,12.83566,77.727016,2022-02-10,07:00:00,Thursday,0,rural,1,0,rain,low,18,medium,overspeeding,fatal,1,1,0,0.65
1289,Kolkata,West Bengal,22.639491,88.26389,2025-03-01,05:00:00,Saturday,1,highway,3,0,clear,high,24,low,drunk driving,minor,1,1,0,0.1
1290,Chandigarh,Punjab,30.621836,76.884947,2022-11-21,21:00:00,Monday,0,highway,5,0,fog,low,21,low,weather,major,3,0,0,0.45
1291,Chandigarh,Punjab,30.668798,76.817413,2022-11-09,02:00:00,Wednesday,0,rural,3,0,clear,high,28,medium,distraction,major,5,5,0,0.1
1292,Hyderabad,Telangana,17.57512,78.581852,2024-03-30,00:00:00,Saturday,1,highway,6,0,fog,low,25,low,distraction,major,4,4,0,0.45
1293,Kolkata,West Bengal,22.615026,88.482765,2024-02-02,11:00:00,Friday,0,urban,3,0,clear,high,20,high,weather,major,2,0,0,0.3
1294,Mumbai,Maharashtra,19.151685,72.972408,2024-05-31,03:00:00,Friday,0,rural,1,1,rain,medium,39,low,distraction,major,2,0,0,0.25
1295,Mumbai,Maharashtra,19.281578,72.889011,2024-03-31,20:00:00,Sunday,1,urban,3,0,rain,medium,23,low,overspeeding,minor,1,1,0,0.25
1296,Hyderabad,Telangana,17.314317,78.587643,2024-10-08,01:00:00,Tuesday,0,highway,6,1,clear,high,25,low,weather,major,2,2,0,0.1
1297,Kolkata,West Bengal,22.575439,88.458462,2025-01-08,04:00:00,Wednesday,0,urban,6,0,rain,medium,38,low,weather,minor,1,1,0,0.25
1298,Kolkata,West Bengal,22.571917,88.442391,2022-10-01,17:00:00,Saturday,1,rural,1,1,fog,low,19,high,drunk driving,minor,3,2,1,0.8
1299,Kolkata,West Bengal,22.696294,88.394839,2025-01-04,16:00:00,Saturday,1,highway,5,1,fog,low,34,medium,poor road,minor,1,0,0,0.45
1300,Kolkata,West Bengal,22.527289,88.379706,2023-05-03,01:00:00,Wednesday,0,highway,5,0,rain,low,37,low,poor road,minor,1,1,0,0.45
1301,Hyderabad,Telangana,17.332434,78.262293,2024-03-24,11:00:00,Sunday,1,rural,3,1,rain,low,16,high,distraction,minor,4,4,0,0.65
1302,Kolkata,West Bengal,22.627199,88.314359,2022-04-26,12:00:00,Tuesday,0,urban,2,0,rain,low,39,high,drunk driving,minor,1,0,0,0.65
1303,Pune,Maharashtra,18.64412,73.94216,2022-11-24,17:00:00,Thursday,0,rural,4,0,clear,high,18,high,weather,major,5,3,1,0.45
1304,Hyderabad,Telangana,17.588868,78.42171,2024-06-27,04:00:00,Thursday,0,highway,6,1,fog,low,32,low,distraction,major,2,0,0,0.45
1305,Delhi,Delhi,28.567372,76.870028,2022-05-25,05:00:00,Wednesday,0,highway,3,0,clear,high,21,high,distraction,minor,1,0,0,0.3
1306,Delhi,Delhi,28.770079,76.871974,2024-11-04,13:00:00,Monday,0,highway,3,1,fog,low,19,low,poor road,minor,5,2,0,0.45
1307,Hyderabad,Telangana,17.291783,78.256868,2022-03-11,17:00:00,Friday,0,highway,3,1,fog,low,37,low,weather,minor,4,0,1,0.6
1308,Delhi,Delhi,28.701034,77.116833,2023-05-18,14:00:00,Thursday,0,rural,1,0,rain,medium,22,high,overspeeding,fatal,2,2,0,0.65
1309,Chandigarh,Punjab,30.708327,76.806646,2022-12-10,08:00:00,Saturday,1,urban,5,1,fog,low,31,high,overspeeding,minor,4,2,1,0.8
1310,Mumbai,Maharashtra,19.172472,72.745094,2022-04-08,00:00:00,Friday,0,rural,1,1,rain,low,21,high,overspeeding,major,4,4,0,0.65
1311,Delhi,Delhi,28.810905,77.070229,2023-01-12,07:00:00,Thursday,0,urban,4,0,fog,low,18,medium,distraction,major,4,4,0,0.45
1312,Delhi,Delhi,28.802605,76.989055,2023-08-04,21:00:00,Friday,0,highway,1,0,rain,low,17,medium,poor road,fatal,3,3,0,0.65
1313,Kolkata,West Bengal,22.561671,88.470379,2022-01-14,05:00:00,Friday,0,highway,6,1,rain,medium,27,high,overspeeding,fatal,5,5,0,0.65
1314,Delhi,Delhi,28.788842,76.991676,2023-04-13,05:00:00,Thursday,0,rural,5,1,fog,low,27,medium,poor road,minor,2,1,0,0.45
1315,Delhi,Delhi,28.508073,77.126151,2024-05-10,04:00:00,Friday,0,highway,6,0,rain,medium,31,low,drunk driving,minor,5,1,0,0.25
1316,Bangalore,Karnataka,13.089078,77.766357,2024-04-06,16:00:00,Saturday,1,urban,3,0,clear,high,16,low,overspeeding,major,3,0,0,0.1
1317,Kolkata,West Bengal,22.522013,88.438556,2024-03-27,17:00:00,Wednesday,0,highway,2,1,fog,low,20,high,weather,minor,4,1,1,0.8
1318,Kolkata,West Bengal,22.403109,88.246932,2024-07-06,17:00:00,Saturday,1,urban,1,1,rain,medium,25,medium,overspeeding,major,5,3,1,0.4
1319,Hyderabad,Telangana,17.200849,78.27995,2024-08-04,00:00:00,Sunday,1,rural,6,0,rain,low,20,low,distraction,minor,2,2,0,0.45
1320,Bangalore,Karnataka,13.051916,77.518816,2022-05-21,11:00:00,Saturday,1,highway,3,0,rain,low,24,high,poor road,minor,1,1,0,0.65
1321,Chennai,Tamil Nadu,13.079539,80.290415,2024-08-10,12:00:00,Saturday,1,highway,6,1,clear,high,18,low,overspeeding,major,2,0,0,0.1
1322,Chandigarh,Punjab,30.776363,76.78877,2022-05-02,21:00:00,Monday,0,highway,3,0,rain,medium,33,high,weather,minor,3,1,0,0.45
1323,Delhi,Delhi,28.607162,77.011404,2024-04-28,08:00:00,Sunday,1,rural,4,1,clear,high,30,high,weather,major,2,0,1,0.45
1324,Pune,Maharashtra,18.472697,73.949957,2025-02-08,10:00:00,Saturday,1,rural,5,0,rain,medium,25,medium,weather,major,4,3,1,0.4
1325,Mumbai,Maharashtra,18.947908,72.903908,2024-02-11,04:00:00,Sunday,1,highway,4,0,rain,medium,29,low,distraction,major,3,0,0,0.25
1326,Kolkata,West Bengal,22.458144,88.466891,2024-10-25,20:00:00,Friday,0,rural,5,0,clear,high,23,high,drunk driving,minor,1,1,0,0.3
1327,Hyderabad,Telangana,17.367822,78.457928,2024-01-24,16:00:00,Wednesday,0,rural,4,1,fog,low,36,medium,overspeeding,minor,3,0,0,0.45
1328,Bangalore,Karnataka,12.880096,77.491795,2023-05-15,21:00:00,Monday,0,rural,3,0,rain,medium,34,low,poor road,major,4,4,0,0.25
1329,Kolkata,West Bengal,22.590413,88.380756,2022-07-12,08:00:00,Tuesday,0,urban,6,0,clear,high,18,high,weather,minor,1,0,1,0.45
1330,Pune,Maharashtra,18.667807,73.786501,2022-06-21,20:00:00,Tuesday,0,urban,3,0,fog,low,34,low,overspeeding,minor,2,1,0,0.45
1331,Kolkata,West Bengal,22.605232,88.412567,2025-04-06,17:00:00,Sunday,1,urban,2,1,clear,high,24,high,poor road,minor,2,0,1,0.45
1332,Chennai,Tamil Nadu,12.990756,80.164036,2023-01-14,23:00:00,Saturday,1,highway,2,0,rain,medium,30,low,weather,major,3,3,0,0.25
1333,Bangalore,Karnataka,13.156659,77.460686,2022-05-31,00:00:00,Tuesday,0,rural,4,1,fog,low,32,low,weather,major,1,0,0,0.45
1334,Hyderabad,Telangana,17.493142,78.343176,2023-09-25,03:00:00,Monday,0,highway,6,1,fog,low,19,low,weather,minor,4,3,0,0.45
1335,Kolkata,West Bengal,22.499013,88.449969,2025-03-27,10:00:00,Thursday,0,rural,2,1,fog,low,15,high,distraction,minor,4,4,1,0.8
1336,Hyderabad,Telangana,17.295968,78.586785,2025-02-26,05:00:00,Wednesday,0,highway,6,1,fog,low,39,medium,weather,minor,2,2,0,0.45
1337,Bangalore,Karnataka,13.184077,77.742654,2022-07-24,22:00:00,Sunday,1,urban,4,0,fog,low,26,high,overspeeding,minor,2,1,0,0.65
1338,Kolkata,West Bengal,22.421473,88.433073,2025-02-21,15:00:00,Friday,0,rural,4,0,fog,low,33,high,weather,major,2,2,0,0.65
1339,Chandigarh,Punjab,30.631842,76.885681,2022-11-06,08:00:00,Sunday,1,rural,2,0,clear,high,33,high,distraction,major,2,2,1,0.45
1340,Kolkata,West Bengal,22.433359,88.267122,2023-04-09,04:00:00,Sunday,1,highway,1,0,fog,low,33,medium,overspeeding,minor,4,0,0,0.45
1341,Pune,Maharashtra,18.563189,73.943458,2022-06-24,12:00:00,Friday,0,rural,3,0,rain,low,18,high,overspeeding,minor,4,4,0,0.65
1342,Kolkata,West Bengal,22.690232,88.396846,2022-01-16,12:00:00,Sunday,1,highway,1,0,fog,low,21,low,distraction,fatal,5,5,0,0.65
1343,Chandigarh,Punjab,30.606413,76.786179,2023-12-15,01:00:00,Friday,0,urban,3,0,fog,low,39,low,overspeeding,major,2,1,0,0.45
1344,Mumbai,Maharashtra,19.062559,72.760417,2024-05-14,19:00:00,Tuesday,0,highway,1,1,rain,medium,21,medium,weather,fatal,3,3,1,0.6
1345,Chandigarh,Punjab,30.631122,76.833489,2024-06-28,01:00:00,Friday,0,rural,6,1,clear,high,34,low,weather,major,4,0,0,0.1
1346,Chandigarh,Punjab,30.728869,76.841007,2022-06-18,14:00:00,Saturday,1,urban,2,0,rain,low,36,low,poor road,fatal,2,2,0,0.65
1347,Bangalore,Karnataka,12.975474,77.625742,2023-03-17,06:00:00,Friday,0,rural,4,0,fog,low,25,high,drunk driving,major,4,3,0,0.65
1348,Chandigarh,Punjab,30.740986,76.83717,2024-02-23,01:00:00,Friday,0,rural,5,0,fog,low,20,low,distraction,minor,2,2,0,0.45
1349,Chandigarh,Punjab,30.746876,76.882565,2022-09-28,13:00:00,Wednesday,0,urban,5,0,fog,low,35,medium,poor road,minor,1,1,0,0.45
1350,Mumbai,Maharashtra,18.814987,72.870964,2024-12-27,22:00:00,Friday,0,rural,2,0,clear,high,26,high,poor road,major,2,1,0,0.3
1351,Delhi,Delhi,28.881491,76.837845,2022-06-30,14:00:00,Thursday,0,urban,6,0,rain,medium,39,low,drunk driving,minor,5,5,0,0.25
1352,Kolkata,West Bengal,22.561182,88.302673,2024-07-28,11:00:00,Sunday,1,highway,2,1,rain,low,33,low,poor road,minor,5,3,0,0.45
1353,Delhi,Delhi,28.794413,77.02392,2023-08-08,05:00:00,Tuesday,0,rural,1,0,fog,low,22,low,drunk driving,minor,4,3,0,0.45
1354,Chandigarh,Punjab,30.663423,76.82599,2022-11-25,14:00:00,Friday,0,highway,3,1,fog,low,37,medium,drunk driving,major,3,0,0,0.45
1355,Kolkata,West Bengal,22.63206,88.464961,2024-12-16,13:00:00,Monday,0,highway,1,1,rain,medium,19,high,overspeeding,minor,1,0,0,0.45
1356,Delhi,Delhi,28.874696,77.085877,2023-12-22,09:00:00,Friday,0,rural,6,0,rain,medium,37,medium,weather,minor,3,1,1,0.4
1357,Hyderabad,Telangana,17.226699,78.322648,2025-01-05,12:00:00,Sunday,1,rural,5,1,fog,low,34,high,weather,minor,3,3,0,0.65
1358,Chennai,Tamil Nadu,13.104089,80.225617,2025-04-11,06:00:00,Friday,0,rural,2,0,rain,low,29,medium,weather,major,4,2,0,0.45
1359,Mumbai,Maharashtra,19.245155,72.798342,2023-12-25,05:00:00,Monday,0,urban,3,0,clear,high,35,medium,distraction,minor,5,5,0,0.1
1360,Chennai,Tamil Nadu,13.16312,80.183735,2024-06-22,04:00:00,Saturday,1,rural,6,0,fog,low,15,low,poor road,minor,1,0,0,0.45
1361,Kolkata,West Bengal,22.416717,88.494636,2022-11-14,02:00:00,Monday,0,rural,2,0,rain,low,32,medium,drunk driving,major,5,2,0,0.45
1362,Bangalore,Karnataka,12.99251,77.436452,2025-02-02,13:00:00,Sunday,1,rural,2,0,clear,high,18,medium,drunk driving,major,5,4,0,0.1
1363,Hyderabad,Telangana,17.461286,78.396104,2024-02-27,11:00:00,Tuesday,0,urban,5,1,rain,medium,27,medium,poor road,major,2,2,0,0.25
1364,Pune,Maharashtra,18.638084,73.707443,2023-03-27,01:00:00,Monday,0,rural,6,0,clear,high,24,low,weather,major,4,1,0,0.1
1365,Kolkata,West Bengal,22.446807,88.431883,2025-01-30,23:00:00,Thursday,0,rural,4,1,rain,medium,31,high,distraction,minor,3,0,0,0.45
1366,Delhi,Delhi,28.628651,77.131008,2022-05-11,13:00:00,Wednesday,0,rural,2,0,clear,high,29,medium,poor road,minor,2,1,0,0.1
1367,Chandigarh,Punjab,30.727724,76.850949,2024-01-07,04:00:00,Sunday,1,urban,5,0,rain,low,36,low,distraction,major,5,5,0,0.45
1368,Chandigarh,Punjab,30.644976,76.772787,2022-10-26,08:00:00,Wednesday,0,rural,4,0,fog,low,18,medium,overspeeding,minor,4,4,1,0.6
1369,Bangalore,Karnataka,12.909747,77.549129,2022-03-16,17:00:00,Wednesday,0,rural,3,1,fog,low,37,high,distraction,minor,1,1,1,0.8
1370,Delhi,Delhi,28.528586,77.040948,2023-09-29,20:00:00,Friday,0,urban,2,1,fog,low,37,low,weather,minor,3,2,0,0.45
1371,Delhi,Delhi,28.724073,77.102711,2022-06-28,07:00:00,Tuesday,0,rural,1,1,fog,low,36,high,drunk driving,minor,2,1,0,0.65
1372,Bangalore,Karnataka,12.907141,77.774351,2025-03-06,01:00:00,Thursday,0,rural,6,1,fog,low,23,medium,overspeeding,minor,4,2,0,0.45
1373,Kolkata,West Bengal,22.675377,88.430392,2023-04-20,14:00:00,Thursday,0,rural,1,1,rain,medium,24,low,overspeeding,minor,1,0,0,0.25
1374,Chandigarh,Punjab,30.783831,76.789588,2024-03-22,12:00:00,Friday,0,urban,2,0,clear,high,16,high,poor road,major,2,1,0,0.3
1375,Hyderabad,Telangana,17.38961,78.218594,2023-01-10,22:00:00,Tuesday,0,urban,2,0,fog,low,40,high,distraction,minor,1,0,0,0.65
1376,Hyderabad,Telangana,17.552027,78.391659,2023-01-07,00:00:00,Saturday,1,highway,5,1,rain,low,33,low,drunk driving,minor,5,1,0,0.45
1377,Chennai,Tamil Nadu,12.999216,80.280452,2022-04-29,05:00:00,Friday,0,rural,3,0,fog,low,19,low,drunk driving,major,5,2,0,0.45
1378,Chennai,Tamil Nadu,12.802955,80.18015,2024-10-19,14:00:00,Saturday,1,rural,6,0,rain,medium,30,low,drunk driving,minor,5,2,0,0.25
1379,Chandigarh,Punjab,30.666953,76.829646,2022-08-23,16:00:00,Tuesday,0,rural,4,0,fog,low,31,high,poor road,minor,4,1,0,0.65
1380,Hyderabad,Telangana,17.491002,78.560282,2022-06-20,17:00:00,Monday,0,rural,1,0,fog,low,38,medium,distraction,major,4,2,1,0.6
1381,Pune,Maharashtra,18.628794,73.862509,2024-09-03,16:00:00,Tuesday,0,urban,1,0,rain,low,17,low,drunk driving,minor,3,1,0,0.45
1382,Kolkata,West Bengal,22.54213,88.432038,2023-12-05,14:00:00,Tuesday,0,rural,2,1,rain,medium,37,high,weather,minor,4,3,0,0.45
1383,Mumbai,Maharashtra,18.816763,72.963111,2023-04-21,13:00:00,Friday,0,urban,3,0,rain,low,33,high,distraction,minor,3,1,0,0.65
1384,Pune,Maharashtra,18.45363,73.918007,2022-04-19,21:00:00,Tuesday,0,highway,2,0,fog,low,39,high,overspeeding,minor,1,1,0,0.65
1385,Mumbai,Maharashtra,19.028316,72.72987,2022-04-30,06:00:00,Saturday,1,urban,2,0,clear,high,33,high,distraction,minor,5,2,0,0.3
1386,Bangalore,Karnataka,12.983837,77.456972,2023-07-07,16:00:00,Friday,0,urban,6,1,clear,high,37,low,drunk driving,minor,4,4,0,0.1
1387,Chandigarh,Punjab,30.701532,76.8394,2024-11-26,18:00:00,Tuesday,0,rural,5,0,fog,low,24,high,poor road,minor,1,1,1,0.8
1388,Mumbai,Maharashtra,18.851306,72.784702,2022-09-29,05:00:00,Thursday,0,rural,2,1,fog,low,34,medium,drunk driving,major,3,2,0,0.45
1389,Mumbai,Maharashtra,19.205006,72.940367,2025-03-13,16:00:00,Thursday,0,urban,4,1,fog,low,26,low,poor road,minor,2,2,0,0.45
1390,Bangalore,Karnataka,13.153862,77.708747,2024-02-13,11:00:00,Tuesday,0,highway,2,1,clear,high,34,low,poor road,major,3,1,0,0.1
1391,Chandigarh,Punjab,30.710999,76.817647,2024-08-03,16:00:00,Saturday,1,rural,2,1,clear,high,26,medium,distraction,minor,4,2,0,0.1
1392,Chennai,Tamil Nadu,12.953383,80.150248,2023-06-25,06:00:00,Sunday,1,highway,6,0,clear,high,20,low,weather,major,4,1,0,0.1
1393,Hyderabad,Telangana,17.32638,78.283506,2023-03-03,18:00:00,Friday,0,highway,5,0,clear,high,34,high,drunk driving,minor,3,0,1,0.45
1394,Pune,Maharashtra,18.456791,73.876356,2024-04-06,07:00:00,Saturday,1,highway,5,1,clear,high,36,medium,overspeeding,major,4,2,0,0.1
1395,Bangalore,Karnataka,13.003229,77.520425,2024-10-23,12:00:00,Wednesday,0,rural,1,0,rain,low,30,high,weather,fatal,1,1,0,0.85
1396,Bangalore,Karnataka,12.894495,77.658501,2024-07-06,13:00:00,Saturday,1,rural,3,0,rain,medium,37,medium,weather,minor,2,2,0,0.25
1397,Bangalore,Karnataka,13.156098,77.795454,2024-05-09,16:00:00,Thursday,0,rural,4,1,rain,medium,29,medium,poor road,fatal,2,2,0,0.45
1398,Bangalore,Karnataka,12.946704,77.52274,2022-09-30,16:00:00,Friday,0,rural,1,1,fog,low,36,medium,poor road,minor,4,1,0,0.45
1399,Mumbai,Maharashtra,19.253058,72.730478,2025-04-02,09:00:00,Wednesday,0,rural,1,0,fog,low,24,high,drunk driving,minor,2,0,1,0.8
1400,Pune,Maharashtra,18.618768,73.939376,2022-11-11,21:00:00,Friday,0,highway,3,1,fog,low,33,medium,drunk driving,major,4,4,0,0.45
1401,Chandigarh,Punjab,30.634087,76.853067,2022-08-08,13:00:00,Monday,0,urban,1,0,clear,high,27,high,poor road,major,3,3,0,0.3
1402,Pune,Maharashtra,18.629414,73.985879,2022-05-04,03:00:00,Wednesday,0,urban,5,0,rain,low,29,medium,drunk driving,fatal,5,5,0,0.65
1403,Chandigarh,Punjab,30.76522,76.786961,2023-05-07,19:00:00,Sunday,1,rural,2,0,clear,high,25,high,drunk driving,major,4,2,1,0.45
1404,Bangalore,Karnataka,12.925519,77.691571,2024-11-13,06:00:00,Wednesday,0,rural,2,1,fog,low,27,low,overspeeding,major,2,1,0,0.45
1405,Chennai,Tamil Nadu,12.886001,80.171634,2024-05-14,06:00:00,Tuesday,0,rural,2,0,rain,low,33,low,overspeeding,fatal,3,3,0,0.65
1406,Chandigarh,Punjab,30.759082,76.843347,2025-02-27,00:00:00,Thursday,0,highway,3,1,clear,high,19,low,poor road,minor,2,1,0,0.1
1407,Kolkata,West Bengal,22.402669,88.281551,2022-01-21,04:00:00,Friday,0,rural,3,0,clear,high,37,low,overspeeding,major,1,1,0,0.1
1408,Hyderabad,Telangana,17.349434,78.38855,2023-05-07,14:00:00,Sunday,1,urban,2,1,clear,high,22,high,overspeeding,major,2,2,0,0.3
1409,Kolkata,West Bengal,22.570326,88.366731,2024-09-14,07:00:00,Saturday,1,highway,4,1,clear,high,24,high,weather,major,1,1,0,0.3
1410,Hyderabad,Telangana,17.356943,78.235826,2023-12-22,16:00:00,Friday,0,rural,4,1,fog,low,25,medium,overspeeding,minor,5,2,0,0.45
1411,Pune,Maharashtra,18.573552,73.72828,2024-11-03,06:00:00,Sunday,1,highway,5,1,clear,high,22,low,distraction,minor,3,2,0,0.1
1412,Pune,Maharashtra,18.686586,73.744665,2022-04-20,23:00:00,Wednesday,0,urban,5,0,rain,low,40,high,weather,major,4,3,0,0.65
1413,Hyderabad,Telangana,17.446414,78.563611,2022-05-29,17:00:00,Sunday,1,urban,6,1,clear,high,27,low,poor road,minor,1,0,1,0.25
1414,Bangalore,Karnataka,13.159109,77.497704,2024-04-28,14:00:00,Sunday,1,urban,1,0,rain,medium,20,low,overspeeding,minor,1,1,0,0.25
1415,Bangalore,Karnataka,12.846784,77.432473,2022-01-06,03:00:00,Thursday,0,rural,4,0,clear,high,32,low,poor road,minor,5,3,0,0.1
1416,Delhi,Delhi,28.668908,76.96104,2024-11-11,15:00:00,Monday,0,rural,2,0,clear,high,23,high,drunk driving,major,4,4,0,0.3
1417,Chandigarh,Punjab,30.664857,76.871023,2023-03-30,22:00:00,Thursday,0,urban,4,0,clear,high,40,low,overspeeding,fatal,2,2,0,0.3
1418,Hyderabad,Telangana,17.220096,78.220805,2023-09-20,07:00:00,Wednesday,0,highway,5,1,clear,high,36,high,distraction,fatal,3,3,0,0.5
1419,Kolkata,West Bengal,22.671288,88.396398,2024-08-03,00:00:00,Saturday,1,urban,6,1,fog,low,38,medium,overspeeding,major,4,1,0,0.45
1420,Chandigarh,Punjab,30.619368,76.888447,2022-06-20,18:00:00,Monday,0,rural,2,1,fog,low,20,medium,distraction,minor,2,1,1,0.6
1421,Bangalore,Karnataka,13.113659,77.553507,2023-02-13,13:00:00,Monday,0,urban,1,0,fog,low,17,low,distraction,minor,4,0,0,0.45
1422,Kolkata,West Bengal,22.610872,88.444812,2024-12-13,01:00:00,Friday,0,rural,1,0,rain,medium,29,low,distraction,minor,5,1,0,0.25
1423,Delhi,Delhi,28.666671,76.968342,2024-05-29,01:00:00,Wednesday,0,urban,6,0,fog,low,30,low,poor road,major,1,1,0,0.45
1424,Delhi,Delhi,28.663389,77.113378,2022-06-15,17:00:00,Wednesday,0,highway,1,0,fog,low,27,medium,poor road,major,4,1,1,0.6
1425,Chennai,Tamil Nadu,13.030911,80.129662,2024-12-22,23:00:00,Sunday,1,rural,1,1,rain,medium,26,medium,distraction,major,5,3,0,0.25
1426,Bangalore,Karnataka,12.820049,77.50684,2024-08-05,16:00:00,Monday,0,highway,4,1,fog,low,37,high,drunk driving,major,1,0,0,0.65
1427,Pune,Maharashtra,18.446373,73.818599,2025-03-15,16:00:00,Saturday,1,urban,5,1,rain,low,28,medium,weather,major,1,0,0,0.45
1428,Bangalore,Karnataka,13.00445,77.553172,2022-04-21,12:00:00,Thursday,0,urban,4,1,fog,low,23,high,drunk driving,minor,3,0,0,0.65
1429,Mumbai,Maharashtra,18.847775,72.833996,2025-02-02,15:00:00,Sunday,1,highway,2,0,clear,high,28,medium,distraction,major,5,5,0,0.1
1430,Delhi,Delhi,28.536377,76.953256,2023-08-04,13:00:00,Friday,0,highway,4,1,rain,medium,36,high,drunk driving,major,5,4,0,0.45
1431,Chennai,Tamil Nadu,13.036749,80.243384,2022-06-10,23:00:00,Friday,0,urban,2,1,rain,low,40,low,weather,major,4,1,0,0.45
1432,Chennai,Tamil Nadu,12.900778,80.288994,2022-08-04,12:00:00,Thursday,0,urban,5,1,clear,high,27,medium,weather,major,4,4,0,0.1
1433,Delhi,Delhi,28.88321,77.121259,2023-03-13,10:00:00,Monday,0,highway,4,1,fog,low,38,high,poor road,major,3,3,1,0.8
1434,Mumbai,Maharashtra,19.160415,72.843573,2024-03-06,20:00:00,Wednesday,0,highway,1,1,rain,low,23,medium,distraction,major,5,2,0,0.45
1435,Delhi,Delhi,28.836082,77.0438,2023-10-05,08:00:00,Thursday,0,rural,1,1,rain,low,36,high,poor road,major,2,2,1,0.8
1436,Kolkata,West Bengal,22.60333,88.455451,2022-10-04,04:00:00,Tuesday,0,urban,2,0,rain,low,20,low,drunk driving,major,4,4,0,0.45
1437,Chandigarh,Punjab,30.685658,76.715337,2023-05-09,15:00:00,Tuesday,0,urban,2,0,clear,high,35,low,poor road,fatal,3,3,0,0.3
1438,Kolkata,West Bengal,22.659619,88.421787,2022-03-31,07:00:00,Thursday,0,rural,3,0,clear,high,27,medium,drunk driving,major,3,0,0,0.1
1439,Hyderabad,Telangana,17.264663,78.279257,2024-03-31,15:00:00,Sunday,1,rural,2,0,fog,low,40,medium,drunk driving,minor,4,4,0,0.45
1440,Hyderabad,Telangana,17.339917,78.551202,2022-04-07,20:00:00,Thursday,0,rural,2,1,rain,medium,29,medium,weather,minor,2,1,0,0.25
1441,Chandigarh,Punjab,30.734437,76.716348,2024-11-04,08:00:00,Monday,0,highway,1,1,rain,low,21,medium,drunk driving,minor,5,1,1,0.6
1442,Mumbai,Maharashtra,18.941825,72.877077,2024-09-27,21:00:00,Friday,0,rural,1,1,rain,medium,25,medium,weather,major,1,0,0,0.25
1443,Delhi,Delhi,28.492961,76.990384,2024-02-08,19:00:00,Thursday,0,highway,4,0,rain,medium,32,medium,overspeeding,fatal,1,1,1,0.6
1444,Kolkata,West Bengal,22.563104,88.422016,2022-10-18,03:00:00,Tuesday,0,highway,2,1,rain,low,34,low,drunk driving,fatal,2,2,0,0.65
1445,Chandigarh,Punjab,30.712597,76.892566,2024-12-25,02:00:00,Wednesday,0,urban,3,1,clear,high,20,low,weather,fatal,2,2,0,0.3
1446,Chennai,Tamil Nadu,12.889813,80.170269,2022-04-15,00:00:00,Friday,0,highway,6,1,fog,low,29,medium,poor road,minor,3,0,0,0.45
1447,Bangalore,Karnataka,12.94654,77.432722,2025-02-23,04:00:00,Sunday,1,highway,1,0,fog,low,38,low,drunk driving,minor,4,0,0,0.45
1448,Pune,Maharashtra,18.41131,73.946965,2023-08-10,05:00:00,Thursday,0,urban,5,0,fog,low,29,medium,poor road,minor,1,0,0,0.45
1449,Chennai,Tamil Nadu,13.039999,80.226995,2023-10-02,21:00:00,Monday,0,highway,1,1,rain,medium,25,high,poor road,major,2,0,0,0.45
1450,Chandigarh,Punjab,30.651871,76.712045,2024-05-07,22:00:00,Tuesday,0,urban,3,1,rain,medium,40,high,weather,major,4,1,0,0.45
1451,Delhi,Delhi,28.526705,77.052472,2022-05-24,03:00:00,Tuesday,0,urban,4,1,rain,low,38,low,drunk driving,minor,3,0,0,0.45
1452,Mumbai,Maharashtra,18.935262,72.796347,2024-02-15,12:00:00,Thursday,0,rural,4,1,rain,medium,22,medium,distraction,major,5,0,0,0.25
1453,Delhi,Delhi,28.646122,76.825485,2024-08-03,08:00:00,Saturday,1,rural,6,1,rain,medium,23,medium,distraction,minor,2,2,1,0.4
1454,Mumbai,Maharashtra,19.229841,72.896026,2023-02-12,21:00:00,Sunday,1,urban,5,0,rain,medium,39,high,weather,major,1,1,0,0.45
1455,Pune,Maharashtra,18.424531,73.762636,2023-03-31,23:00:00,Friday,0,rural,4,1,rain,low,23,high,distraction,minor,3,0,0,0.65
1456,Bangalore,Karnataka,13.026312,77.549313,2024-11-29,19:00:00,Friday,0,urban,6,0,fog,low,25,high,poor road,fatal,1,1,1,1.0
1457,Hyderabad,Telangana,17.285406,78.464666,2023-03-12,16:00:00,Sunday,1,urban,3,1,fog,low,34,medium,overspeeding,minor,3,3,0,0.45
1458,Pune,Maharashtra,18.639546,73.785972,2024-10-27,13:00:00,Sunday,1,urban,5,0,fog,low,26,medium,drunk driving,minor,2,2,0,0.45
1459,Kolkata,West Bengal,22.569034,88.407369,2024-11-03,14:00:00,Sunday,1,highway,2,0,rain,low,28,high,poor road,minor,4,3,0,0.65
1460,Hyderabad,Telangana,17.522397,78.241765,2022-01-19,14:00:00,Wednesday,0,rural,6,1,clear,high,24,medium,weather,fatal,3,3,0,0.3
1461,Chennai,Tamil Nadu,13.071647,80.107273,2024-11-11,23:00:00,Monday,0,urban,5,1,fog,low,38,high,distraction,minor,1,0,0,0.65
1462,Pune,Maharashtra,18.54579,73.762351,2024-07-04,16:00:00,Thursday,0,urban,1,1,clear,high,19,medium,distraction,minor,3,3,0,0.1
1463,Chandigarh,Punjab,30.715926,76.815233,2023-04-12,07:00:00,Wednesday,0,highway,3,1,clear,high,25,medium,distraction,minor,5,0,0,0.1
1464,Delhi,Delhi,28.654208,77.227594,2023-03-11,19:00:00,Saturday,1,urban,3,0,fog,low,37,high,distraction,major,1,0,1,0.8
1465,Hyderabad,Telangana,17.582094,78.521626,2023-03-02,15:00:00,Thursday,0,urban,2,1,rain,low,25,medium,poor road,minor,1,1,0,0.45
1466,Mumbai,Maharashtra,18.879245,72.807629,2022-05-24,00:00:00,Tuesday,0,rural,2,1,clear,high,39,low,weather,fatal,5,5,0,0.3
1467,Hyderabad,Telangana,17.470385,78.347363,2024-03-21,16:00:00,Thursday,0,highway,2,0,rain,medium,27,medium,drunk driving,minor,1,0,0,0.25
1468,Hyderabad,Telangana,17.567145,78.390048,2025-01-17,08:00:00,Friday,0,highway,1,1,clear,high,24,high,distraction,major,3,1,1,0.45
1469,Chandigarh,Punjab,30.748228,76.847653,2022-02-10,10:00:00,Thursday,0,urban,6,0,rain,medium,38,medium,distraction,fatal,5,5,1,0.6
1470,Chandigarh,Punjab,30.757036,76.793993,2022-10-31,22:00:00,Monday,0,highway,6,0,clear,high,23,low,distraction,minor,3,1,0,0.1
1471,Mumbai,Maharashtra,18.829642,72.911222,2023-01-29,12:00:00,Sunday,1,urban,6,1,fog,low,16,low,poor road,minor,1,1,0,0.45
1472,Delhi,Delhi,28.797487,77.018185,2023-07-10,23:00:00,Monday,0,rural,3,0,clear,high,31,high,poor road,minor,5,3,0,0.3
1473,Pune,Maharashtra,18.671184,73.724018,2024-01-16,08:00:00,Tuesday,0,highway,4,1,rain,medium,22,medium,overspeeding,major,5,4,1,0.4
1474,Kolkata,West Bengal,22.652268,88.292844,2022-12-16,23:00:00,Friday,0,urban,4,0,fog,low,31,high,weather,minor,1,0,0,0.65
1475,Bangalore,Karnataka,12.858383,77.598182,2022-06-17,13:00:00,Friday,0,rural,2,1,clear,high,22,low,poor road,major,3,1,0,0.1
1476,Hyderabad,Telangana,17.383759,78.529388,2024-11-28,00:00:00,Thursday,0,urban,2,1,clear,high,33,medium,weather,fatal,4,4,0,0.3
1477,Delhi,Delhi,28.731,76.940627,2023-02-27,14:00:00,Monday,0,highway,2,1,fog,low,39,high,drunk driving,minor,4,0,0,0.65
1478,Mumbai,Maharashtra,18.864839,72.844004,2025-01-17,10:00:00,Friday,0,highway,4,1,fog,low,25,high,weather,minor,3,1,1,0.8
1479,Hyderabad,Telangana,17.572311,78.344838,2025-02-15,05:00:00,Saturday,1,highway,3,0,clear,high,16,medium,poor road,fatal,1,1,0,0.3
1480,Chandigarh,Punjab,30.792871,76.831474,2022-01-12,12:00:00,Wednesday,0,highway,4,0,fog,low,35,high,poor road,major,1,0,0,0.65
1481,Chennai,Tamil Nadu,13.149879,80.255234,2022-04-04,17:00:00,Monday,0,highway,1,1,clear,high,16,medium,distraction,minor,3,3,1,0.25
1482,Hyderabad,Telangana,17.388858,78.463954,2023-10-20,04:00:00,Friday,0,rural,5,1,rain,medium,20,low,drunk driving,major,5,2,0,0.25
1483,Chandigarh,Punjab,30.610398,76.76782,2024-09-23,22:00:00,Monday,0,urban,5,1,rain,medium,35,high,drunk driving,major,3,3,0,0.45
1484,Delhi,Delhi,28.465031,77.004209,2022-12-16,20:00:00,Friday,0,rural,4,1,clear,high,15,medium,overspeeding,major,3,2,0,0.1
1485,Delhi,Delhi,28.638663,77.006693,2022-02-23,23:00:00,Wednesday,0,highway,3,1,clear,high,40,high,poor road,major,4,3,0,0.3
1486,Chandigarh,Punjab,30.662256,76.817778,2025-02-26,04:00:00,Wednesday,0,urban,4,0,fog,low,31,low,distraction,minor,1,0,0,0.45
1487,Pune,Maharashtra,18.415784,73.970015,2025-02-19,21:00:00,Wednesday,0,urban,6,1,fog,low,25,low,weather,major,2,1,0,0.45
1488,Pune,Maharashtra,18.69774,73.864095,2023-03-04,20:00:00,Saturday,1,urban,1,1,clear,high,21,medium,poor road,fatal,4,4,0,0.3
1489,Kolkata,West Bengal,22.658066,88.408248,2024-07-27,13:00:00,Saturday,1,urban,6,0,clear,high,34,high,overspeeding,major,1,0,0,0.3
1490,Hyderabad,Telangana,17.257025,78.542296,2024-03-20,11:00:00,Wednesday,0,highway,5,1,clear,high,20,low,drunk driving,minor,3,0,0,0.1
1491,Hyderabad,Telangana,17.223113,78.273871,2023-10-28,22:00:00,Saturday,1,rural,2,0,clear,high,25,low,distraction,major,1,1,0,0.1
1492,Kolkata,West Bengal,22.485791,88.348865,2023-11-09,12:00:00,Thursday,0,urban,2,1,rain,low,27,low,distraction,minor,1,1,0,0.45
1493,Hyderabad,Telangana,17.369694,78.453881,2023-05-20,00:00:00,Saturday,1,rural,5,0,fog,low,20,low,distraction,major,2,2,0,0.45
1494,Mumbai,Maharashtra,19.230603,72.874134,2025-01-02,07:00:00,Thursday,0,urban,3,0,fog,low,37,low,distraction,fatal,3,3,0,0.65
1495,Mumbai,Maharashtra,19.272042,72.813973,2024-10-10,15:00:00,Thursday,0,urban,5,0,fog,low,37,medium,overspeeding,major,1,0,0,0.45
1496,Hyderabad,Telangana,17.3084,78.511654,2025-03-31,05:00:00,Monday,0,rural,2,1,clear,high,35,high,weather,major,4,4,0,0.3
1497,Delhi,Delhi,28.773564,77.039575,2024-02-10,16:00:00,Saturday,1,urban,4,1,rain,low,32,low,drunk driving,major,3,3,0,0.45
1498,Kolkata,West Bengal,22.58555,88.214145,2024-08-02,05:00:00,Friday,0,rural,3,0,rain,medium,15,high,poor road,minor,5,4,0,0.45
1499,Mumbai,Maharashtra,18.803554,72.868726,2024-01-12,02:00:00,Friday,0,rural,4,0,clear,high,37,medium,overspeeding,major,5,2,0,0.1
1500,Pune,Maharashtra,18.552519,73.857089,2022-11-22,21:00:00,Tuesday,0,rural,4,0,rain,low,28,low,drunk driving,minor,3,2,0,0.45
1501,Hyderabad,Telangana,17.311249,78.269692,2023-05-15,05:00:00,Monday,0,highway,2,1,rain,medium,39,low,weather,minor,2,0,0,0.25
1502,Kolkata,West Bengal,22.42799,88.250585,2022-07-07,09:00:00,Thursday,0,urban,4,0,clear,high,25,medium,drunk driving,minor,3,1,1,0.25
1503,Bangalore,Karnataka,12.858552,77.591868,2023-12-10,02:00:00,Sunday,1,rural,3,1,fog,low,19,low,overspeeding,minor,4,2,0,0.45
1504,Pune,Maharashtra,18.456303,73.750473,2024-07-18,00:00:00,Thursday,0,urban,4,0,clear,high,31,high,drunk driving,major,5,1,0,0.3
1505,Mumbai,Maharashtra,19.235698,72.72489,2022-11-29,03:00:00,Tuesday,0,urban,2,1,clear,high,17,low,drunk driving,minor,2,0,0,0.1
1506,Chandigarh,Punjab,30.756093,76.804274,2022-04-18,10:00:00,Monday,0,highway,6,0,fog,low,33,medium,weather,minor,4,0,1,0.6
1507,Delhi,Delhi,28.841405,77.053956,2022-06-13,15:00:00,Monday,0,urban,1,1,clear,high,23,high,drunk driving,minor,5,0,0,0.3
1508,Pune,Maharashtra,18.60462,73.772581,2025-01-13,23:00:00,Monday,0,rural,2,1,fog,low,24,medium,weather,minor,4,3,0,0.45
1509,Chandigarh,Punjab,30.601258,76.795405,2022-02-06,15:00:00,Sunday,1,rural,4,1,clear,high,39,low,weather,minor,4,1,0,0.1
1510,Mumbai,Maharashtra,19.206511,72.806633,2024-08-12,21:00:00,Monday,0,highway,2,0,fog,low,35,medium,distraction,minor,2,1,0,0.45
1511,Pune,Maharashtra,18.503532,73.74889,2024-06-09,16:00:00,Sunday,1,urban,3,0,fog,low,36,medium,poor road,minor,3,0,0,0.45
1512,Pune,Maharashtra,18.416781,73.791523,2022-05-19,08:00:00,Thursday,0,urban,5,1,fog,low,15,high,distraction,minor,3,0,1,0.8
1513,Mumbai,Maharashtra,19.246027,72.988994,2024-06-12,22:00:00,Wednesday,0,highway,4,1,clear,high,28,low,distraction,minor,3,2,0,0.1
1514,Hyderabad,Telangana,17.326923,78.300909,2022-09-06,17:00:00,Tuesday,0,urban,3,1,fog,low,25,medium,weather,minor,2,0,1,0.6
1515,Chandigarh,Punjab,30.796127,76.84082,2022-04-14,11:00:00,Thursday,0,rural,4,1,fog,low,15,medium,weather,minor,5,1,0,0.45
1516,Kolkata,West Bengal,22.626079,88.220998,2023-05-14,06:00:00,Sunday,1,highway,1,0,rain,medium,37,medium,weather,minor,3,2,0,0.25
1517,Mumbai,Maharashtra,19.018382,72.873408,2022-02-18,03:00:00,Friday,0,highway,3,0,clear,high,31,low,weather,major,5,5,0,0.1
1518,Bangalore,Karnataka,12.906289,77.720545,2024-01-10,17:00:00,Wednesday,0,rural,6,0,rain,low,26,medium,poor road,major,2,2,1,0.6
1519,Delhi,Delhi,28.621074,77.238249,2023-01-29,11:00:00,Sunday,1,highway,5,0,fog,low,22,medium,drunk driving,major,3,0,0,0.45
1520,Pune,Maharashtra,18.497178,73.84106,2024-01-18,21:00:00,Thursday,0,rural,2,1,fog,low,17,low,drunk driving,minor,5,2,0,0.45
1521,Kolkata,West Bengal,22.667202,88.249563,2024-06-26,02:00:00,Wednesday,0,rural,4,0,clear,high,25,low,overspeeding,minor,1,1,0,0.1
1522,Hyderabad,Telangana,17.237878,78.449815,2022-10-30,14:00:00,Sunday,1,highway,3,0,rain,medium,37,medium,weather,minor,1,0,0,0.25
1523,Pune,Maharashtra,18.650664,73.964232,2023-07-30,00:00:00,Sunday,1,urban,2,1,clear,high,26,high,distraction,major,1,0,0,0.3
1524,Kolkata,West Bengal,22.697841,88.240504,2022-05-28,00:00:00,Saturday,1,urban,3,0,clear,high,40,low,weather,minor,5,5,0,0.1
1525,Pune,Maharashtra,18.49539,73.787631,2022-03-06,09:00:00,Sunday,1,urban,4,1,fog,low,16,medium,overspeeding,minor,4,4,1,0.6
1526,Chennai,Tamil Nadu,13.172703,80.138354,2025-01-21,07:00:00,Tuesday,0,urban,5,1,clear,high,20,low,poor road,minor,5,5,0,0.1
1527,Chandigarh,Punjab,30.78098,76.81117,2023-04-04,16:00:00,Tuesday,0,urban,5,0,clear,high,27,low,poor road,fatal,2,2,0,0.3
1528,Delhi,Delhi,28.536613,77.10109,2024-09-21,05:00:00,Saturday,1,rural,6,1,clear,high,30,low,drunk driving,minor,4,0,0,0.1
1529,Mumbai,Maharashtra,18.966249,72.783991,2024-12-30,19:00:00,Monday,0,urban,4,0,rain,medium,26,medium,overspeeding,minor,4,2,1,0.4
1530,Hyderabad,Telangana,17.534741,78.529134,2024-09-16,09:00:00,Monday,0,rural,2,1,fog,low,24,high,drunk driving,minor,4,4,1,0.8
1531,Bangalore,Karnataka,12.940118,77.64964,2024-10-20,12:00:00,Sunday,1,highway,6,0,clear,high,28,low,distraction,major,3,3,0,0.1
1532,Pune,Maharashtra,18.60351,73.806779,2023-09-16,14:00:00,Saturday,1,highway,6,1,rain,low,26,low,overspeeding,minor,3,3,0,0.45
1533,Bangalore,Karnataka,12.949439,77.690555,2022-11-01,10:00:00,Tuesday,0,highway,1,1,clear,high,36,high,overspeeding,minor,5,3,1,0.45
1534,Bangalore,Karnataka,12.840671,77.523402,2024-05-04,03:00:00,Saturday,1,urban,4,0,fog,low,25,low,overspeeding,fatal,2,2,0,0.65
1535,Chennai,Tamil Nadu,12.833999,80.299465,2024-05-18,17:00:00,Saturday,1,rural,3,0,rain,medium,39,high,distraction,minor,4,3,1,0.6
1536,Pune,Maharashtra,18.633606,73.903107,2023-10-18,17:00:00,Wednesday,0,highway,1,1,rain,medium,25,high,distraction,minor,2,0,1,0.6
1537,Bangalore,Karnataka,12.88852,77.77881,2023-12-13,06:00:00,Wednesday,0,rural,5,1,clear,high,16,medium,poor road,minor,4,0,0,0.1
1538,Hyderabad,Telangana,17.218143,78.493347,2024-10-16,23:00:00,Wednesday,0,highway,6,0,clear,high,31,medium,weather,fatal,5,5,0,0.3
1539,Bangalore,Karnataka,12.862248,77.71708,2023-12-14,12:00:00,Thursday,0,highway,3,1,rain,medium,37,low,poor road,minor,3,0,0,0.25
1540,Mumbai,Maharashtra,19.133459,72.975031,2023-05-01,21:00:00,Monday,0,highway,1,1,rain,medium,37,high,drunk driving,major,3,0,0,0.45
1541,Chennai,Tamil Nadu,12.904701,80.128434,2024-07-24,14:00:00,Wednesday,0,highway,6,0,fog,low,22,low,poor road,minor,3,3,0,0.45
1542,Hyderabad,Telangana,17.591672,78.594937,2024-12-16,21:00:00,Monday,0,highway,5,1,rain,low,22,low,weather,minor,2,1,0,0.45
1543,Mumbai,Maharashtra,19.044699,72.709829,2022-05-30,01:00:00,Monday,0,urban,5,1,clear,high,23,low,poor road,minor,1,1,0,0.1
1544,Chennai,Tamil Nadu,13.062244,80.117455,2023-08-12,19:00:00,Saturday,1,highway,6,1,rain,low,31,high,overspeeding,major,1,1,1,0.8
1545,Pune,Maharashtra,18.423585,73.924945,2024-10-06,09:00:00,Sunday,1,rural,4,0,clear,high,15,low,weather,major,5,4,1,0.25
1546,Chennai,Tamil Nadu,12.865325,80.174861,2024-07-14,17:00:00,Sunday,1,rural,1,0,fog,low,30,low,poor road,minor,4,3,1,0.6
1547,Bangalore,Karnataka,13.162858,77.759488,2024-07-07,15:00:00,Sunday,1,highway,6,1,rain,medium,38,medium,drunk driving,minor,4,2,0,0.25
1548,Chandigarh,Punjab,30.762628,76.756343,2023-10-16,10:00:00,Monday,0,urban,4,0,clear,high,24,high,weather,minor,1,0,1,0.45
1549,Delhi,Delhi,28.727345,77.179216,2023-09-05,21:00:00,Tuesday,0,rural,1,1,fog,low,33,high,weather,minor,5,0,0,0.65
1550,Pune,Maharashtra,18.492885,73.730316,2023-09-24,16:00:00,Sunday,1,highway,4,1,fog,low,40,high,drunk driving,minor,3,0,0,0.65
1551,Chandigarh,Punjab,30.652803,76.725115,2023-03-01,13:00:00,Wednesday,0,urban,6,1,rain,medium,20,high,distraction,minor,1,1,0,0.45
1552,Delhi,Delhi,28.710023,77.203218,2024-07-05,05:00:00,Friday,0,highway,5,1,fog,low,21,low,overspeeding,minor,4,0,0,0.45
1553,Chandigarh,Punjab,30.644655,76.804979,2024-04-28,06:00:00,Sunday,1,rural,5,1,clear,high,38,low,weather,minor,3,0,0,0.1
1554,Mumbai,Maharashtra,19.197374,72.973661,2025-02-03,20:00:00,Monday,0,highway,4,1,rain,medium,19,low,weather,minor,4,3,0,0.25
1555,Delhi,Delhi,28.794833,77.288817,2022-05-13,11:00:00,Friday,0,rural,4,0,fog,low,16,low,drunk driving,minor,5,1,0,0.45
1556,Mumbai,Maharashtra,19.274116,72.82485,2022-06-19,13:00:00,Sunday,1,urban,1,0,fog,low,15,low,poor road,fatal,1,1,0,0.65
1557,Chandigarh,Punjab,30.720751,76.819121,2025-02-04,04:00:00,Tuesday,0,rural,5,1,fog,low,27,high,weather,minor,5,4,0,0.65
1558,Delhi,Delhi,28.726314,76.844019,2022-01-29,14:00:00,Saturday,1,highway,3,0,rain,medium,16,medium,distraction,major,4,2,0,0.25
1559,Bangalore,Karnataka,12.964513,77.438903,2022-04-12,21:00:00,Tuesday,0,rural,1,0,fog,low,31,high,overspeeding,fatal,3,3,0,0.85
1560,Mumbai,Maharashtra,19.112667,72.867331,2024-08-06,09:00:00,Tuesday,0,urban,3,0,clear,high,17,high,drunk driving,major,3,1,1,0.45
1561,Mumbai,Maharashtra,19.141253,72.98693,2022-05-23,09:00:00,Monday,0,highway,6,0,fog,low,30,medium,weather,major,2,2,1,0.6
1562,Chandigarh,Punjab,30.654918,76.750067,2024-08-06,14:00:00,Tuesday,0,rural,2,1,rain,low,32,medium,distraction,major,5,3,0,0.45
1563,Bangalore,Karnataka,12.894677,77.634391,2022-09-15,12:00:00,Thursday,0,urban,4,1,clear,high,26,medium,overspeeding,fatal,4,4,0,0.3
1564,Chennai,Tamil Nadu,13.023442,80.159728,2025-04-08,07:00:00,Tuesday,0,highway,5,1,fog,low,26,high,overspeeding,minor,5,4,0,0.65
1565,Hyderabad,Telangana,17.446664,78.207622,2024-10-06,15:00:00,Sunday,1,highway,6,0,rain,low,20,low,distraction,minor,1,1,0,0.45
1566,Mumbai,Maharashtra,19.029854,72.921307,2023-05-02,02:00:00,Tuesday,0,urban,5,0,rain,low,32,high,overspeeding,fatal,5,5,0,0.85
1567,Hyderabad,Telangana,17.422882,78.384674,2024-05-14,03:00:00,Tuesday,0,rural,1,0,rain,medium,20,medium,drunk driving,fatal,2,2,0,0.45
1568,Pune,Maharashtra,18.631207,73.75631,2023-08-21,01:00:00,Monday,0,rural,1,1,fog,low,38,medium,poor road,minor,1,1,0,0.45
1569,Chandigarh,Punjab,30.740156,76.775522,2024-07-02,12:00:00,Tuesday,0,urban,1,1,clear,high,39,medium,drunk driving,major,1,1,0,0.1
1570,Pune,Maharashtra,18.460419,73.934931,2023-11-06,22:00:00,Monday,0,urban,5,0,rain,medium,17,low,poor road,minor,3,0,0,0.25
1571,Pune,Maharashtra,18.549683,73.967966,2023-10-25,09:00:00,Wednesday,0,highway,4,0,fog,low,16,low,drunk driving,minor,5,1,1,0.6
1572,Hyderabad,Telangana,17.250616,78.213099,2023-10-13,22:00:00,Friday,0,rural,3,1,rain,low,34,low,poor road,major,5,2,0,0.45
1573,Mumbai,Maharashtra,19.27737,72.722844,2023-02-08,12:00:00,Wednesday,0,highway,4,1,fog,low,37,medium,drunk driving,major,4,2,0,0.45
1574,Bangalore,Karnataka,13.137044,77.70214,2023-04-26,21:00:00,Wednesday,0,rural,4,0,fog,low,39,low,overspeeding,major,2,0,0,0.45
1575,Kolkata,West Bengal,22.472818,88.334512,2022-10-31,00:00:00,Monday,0,rural,1,1,fog,low,35,high,poor road,fatal,5,5,0,0.85
1576,Chennai,Tamil Nadu,12.852895,80.146839,2024-06-20,17:00:00,Thursday,0,rural,6,1,fog,low,36,high,overspeeding,major,4,0,1,0.8
1577,Mumbai,Maharashtra,18.90526,72.909257,2022-03-13,19:00:00,Sunday,1,urban,2,0,fog,low,15,medium,drunk driving,major,3,0,1,0.6
1578,Hyderabad,Telangana,17.55983,78.244373,2024-11-15,06:00:00,Friday,0,rural,4,0,clear,high,34,high,distraction,minor,4,4,0,0.3
1579,Hyderabad,Telangana,17.306119,78.405365,2024-05-26,18:00:00,Sunday,1,urban,3,0,clear,high,32,high,poor road,minor,2,2,1,0.45
1580,Chennai,Tamil Nadu,12.952884,80.217683,2022-01-02,09:00:00,Sunday,1,urban,6,0,rain,low,30,high,weather,minor,3,3,1,0.8
1581,Bangalore,Karnataka,12.935164,77.575086,2024-03-16,05:00:00,Saturday,1,highway,6,1,rain,medium,39,low,overspeeding,minor,3,3,0,0.25
1582,Delhi,Delhi,28.52468,76.907862,2024-09-13,23:00:00,Friday,0,urban,4,0,rain,medium,32,low,overspeeding,major,3,2,0,0.25
1583,Kolkata,West Bengal,22.597737,88.42107,2022-10-09,06:00:00,Sunday,1,highway,4,0,clear,high,30,high,weather,minor,5,5,0,0.3
1584,Kolkata,West Bengal,22.698282,88.348881,2023-04-09,17:00:00,Sunday,1,highway,5,0,clear,high,38,low,poor road,major,1,1,1,0.25
1585,Mumbai,Maharashtra,19.260207,72.730567,2023-03-20,23:00:00,Monday,0,highway,5,0,fog,low,26,low,distraction,minor,5,0,0,0.45
1586,Pune,Maharashtra,18.484686,73.887012,2023-11-06,17:00:00,Monday,0,rural,3,0,clear,high,16,medium,weather,minor,5,2,1,0.25
1587,Delhi,Delhi,28.726555,77.264789,2023-04-27,00:00:00,Thursday,0,urban,6,1,clear,high,34,medium,drunk driving,major,5,2,0,0.1
1588,Pune,Maharashtra,18.504635,73.926848,2024-04-28,00:00:00,Sunday,1,urban,3,1,rain,low,33,low,distraction,major,2,1,0,0.45
1589,Pune,Maharashtra,18.466093,73.97976,2022-01-01,00:00:00,Saturday,1,highway,6,0,rain,low,17,low,weather,minor,3,0,0,0.45
1590,Bangalore,Karnataka,12.949564,77.636597,2024-08-05,09:00:00,Monday,0,rural,5,1,rain,low,38,high,distraction,major,3,0,1,0.8
1591,Chennai,Tamil Nadu,13.117455,80.194828,2023-12-25,09:00:00,Monday,0,urban,4,1,clear,high,39,low,drunk driving,minor,1,1,1,0.25
1592,Chennai,Tamil Nadu,13.073761,80.153664,2022-12-04,03:00:00,Sunday,1,highway,3,1,rain,medium,16,high,drunk driving,minor,1,1,0,0.45
1593,Pune,Maharashtra,18.69762,73.830357,2023-04-15,07:00:00,Saturday,1,highway,5,1,clear,high,28,low,poor road,minor,2,1,0,0.1
1594,Delhi,Delhi,28.849132,76.857947,2023-11-20,04:00:00,Monday,0,highway,2,1,clear,high,35,high,distraction,minor,2,0,0,0.3
1595,Pune,Maharashtra,18.574598,73.902666,2024-12-21,02:00:00,Saturday,1,rural,1,1,clear,high,16,low,distraction,minor,2,2,0,0.1
1596,Mumbai,Maharashtra,18.819737,72.700568,2023-09-13,08:00:00,Wednesday,0,urban,2,0,rain,medium,24,medium,overspeeding,minor,2,0,1,0.4
1597,Kolkata,West Bengal,22.578041,88.20674,2024-12-31,09:00:00,Tuesday,0,urban,1,0,clear,high,37,high,distraction,minor,1,1,1,0.45
1598,Chennai,Tamil Nadu,12.941818,80.265391,2022-04-16,14:00:00,Saturday,1,highway,3,0,clear,high,36,low,distraction,major,3,3,0,0.1
1599,Chennai,Tamil Nadu,12.872623,80.29819,2024-05-07,22:00:00,Tuesday,0,rural,1,1,clear,high,37,high,drunk driving,minor,1,0,0,0.3
1600,Chandigarh,Punjab,30.790955,76.757881,2023-06-16,05:00:00,Friday,0,highway,1,0,clear,high,36,medium,drunk driving,fatal,3,3,0,0.3
1601,Kolkata,West Bengal,22.570764,88.448747,2022-07-08,18:00:00,Friday,0,urban,2,1,rain,low,23,high,poor road,major,2,2,1,0.8
1602,Bangalore,Karnataka,12.913244,77.774022,2025-03-13,03:00:00,Thursday,0,highway,6,1,fog,low,15,low,weather,fatal,5,5,0,0.65
1603,Kolkata,West Bengal,22.467402,88.288174,2023-02-06,05:00:00,Monday,0,rural,4,1,clear,high,32,high,overspeeding,major,2,1,0,0.3
1604,Chandigarh,Punjab,30.689235,76.831793,2024-01-25,11:00:00,Thursday,0,highway,5,1,rain,low,15,low,drunk driving,major,5,3,0,0.45
1605,Mumbai,Maharashtra,18.985787,72.921199,2023-11-13,10:00:00,Monday,0,urban,6,0,rain,low,25,medium,weather,fatal,5,5,1,0.8
1606,Chandigarh,Punjab,30.674977,76.783888,2024-02-23,01:00:00,Friday,0,highway,1,1,rain,medium,30,low,poor road,fatal,1,1,0,0.45
1607,Kolkata,West Bengal,22.435421,88.380461,2023-12-15,11:00:00,Friday,0,urban,5,0,clear,high,16,medium,overspeeding,minor,5,3,0,0.1
1608,Delhi,Delhi,28.492761,77.079465,2024-10-16,07:00:00,Wednesday,0,urban,5,1,clear,high,32,medium,poor road,major,5,0,0,0.1
1609,Chandigarh,Punjab,30.77303,76.863325,2022-08-22,00:00:00,Monday,0,urban,5,1,fog,low,39,high,weather,major,5,2,0,0.65
1610,Kolkata,West Bengal,22.531338,88.445712,2025-01-09,01:00:00,Thursday,0,rural,3,1,fog,low,32,high,drunk driving,minor,5,5,0,0.65
1611,Kolkata,West Bengal,22.572015,88.298263,2022-08-23,01:00:00,Tuesday,0,urban,4,0,clear,high,25,low,poor road,minor,1,0,0,0.1
1612,Kolkata,West Bengal,22.666334,88.324867,2024-09-24,20:00:00,Tuesday,0,rural,2,1,clear,high,39,high,drunk driving,minor,1,1,0,0.3
1613,Chennai,Tamil Nadu,12.857413,80.150105,2022-10-04,08:00:00,Tuesday,0,urban,5,0,clear,high,34,low,drunk driving,fatal,5,5,1,0.45
1614,Hyderabad,Telangana,17.409177,78.354617,2024-06-21,22:00:00,Friday,0,rural,1,1,fog,low,33,high,drunk driving,minor,3,3,0,0.65
1615,Kolkata,West Bengal,22.470303,88.393464,2022-07-19,20:00:00,Tuesday,0,urban,3,0,fog,low,25,high,poor road,minor,1,0,0,0.65
1616,Kolkata,West Bengal,22.522611,88.241685,2024-03-04,14:00:00,Monday,0,urban,6,1,fog,low,17,medium,overspeeding,minor,4,4,0,0.45
1617,Hyderabad,Telangana,17.597187,78.54281,2022-02-24,10:00:00,Thursday,0,rural,3,1,rain,low,26,high,weather,fatal,3,3,1,1.0
1618,Delhi,Delhi,28.708432,77.293041,2022-05-30,13:00:00,Monday,0,rural,3,0,fog,low,29,low,distraction,minor,4,1,0,0.45
1619,Chennai,Tamil Nadu,12.912869,80.174888,2024-11-12,03:00:00,Tuesday,0,urban,3,0,fog,low,24,low,weather,minor,2,0,0,0.45
1620,Kolkata,West Bengal,22.515771,88.226447,2022-05-18,05:00:00,Wednesday,0,rural,2,1,fog,low,20,high,poor road,minor,1,0,0,0.65
1621,Kolkata,West Bengal,22.607904,88.23463,2022-09-16,21:00:00,Friday,0,highway,2,1,clear,high,28,low,poor road,minor,1,0,0,0.1
1622,Bangalore,Karnataka,13.156868,77.684167,2023-07-11,22:00:00,Tuesday,0,highway,4,0,fog,low,33,medium,drunk driving,minor,4,2,0,0.45
1623,Chennai,Tamil Nadu,12.91542,80.168664,2023-04-03,00:00:00,Monday,0,highway,3,1,fog,low,39,low,weather,minor,3,2,0,0.45
1624,Bangalore,Karnataka,12.822297,77.781457,2023-10-06,23:00:00,Friday,0,highway,2,0,rain,low,21,high,overspeeding,minor,2,0,0,0.65
1625,Mumbai,Maharashtra,19.043224,72.873923,2024-04-24,08:00:00,Wednesday,0,highway,4,1,fog,low,22,high,distraction,fatal,1,1,1,1.0
1626,Chandigarh,Punjab,30.699553,76.738204,2024-08-06,13:00:00,Tuesday,0,highway,6,1,clear,high,17,low,drunk driving,minor,1,0,0,0.1
1627,Pune,Maharashtra,18.598321,73.860631,2024-09-11,23:00:00,Wednesday,0,urban,1,0,fog,low,31,high,overspeeding,minor,5,3,0,0.65
1628,Mumbai,Maharashtra,19.007154,72.857377,2022-05-08,12:00:00,Sunday,1,highway,2,0,rain,medium,38,medium,poor road,minor,2,2,0,0.25
1629,Chandigarh,Punjab,30.798139,76.732302,2023-03-07,18:00:00,Tuesday,0,highway,4,1,clear,high,28,medium,drunk driving,major,3,2,1,0.25
1630,Mumbai,Maharashtra,18.877135,72.767859,2023-05-11,16:00:00,Thursday,0,urban,3,1,clear,high,39,medium,weather,major,5,2,0,0.1
1631,Pune,Maharashtra,18.548046,73.958136,2023-03-21,16:00:00,Tuesday,0,rural,3,0,rain,low,30,low,drunk driving,fatal,3,3,0,0.65
1632,Delhi,Delhi,28.450363,77.057188,2024-12-19,07:00:00,Thursday,0,rural,3,1,rain,low,17,low,drunk driving,minor,4,3,0,0.45
1633,Chennai,Tamil Nadu,12.985334,80.241761,2022-01-28,09:00:00,Friday,0,urban,3,1,rain,medium,37,high,distraction,major,4,3,1,0.6
1634,Bangalore,Karnataka,13.157362,77.40641,2022-04-11,16:00:00,Monday,0,rural,4,1,rain,medium,40,medium,distraction,minor,5,1,0,0.25
1635,Kolkata,West Bengal,22.515789,88.301806,2022-02-08,04:00:00,Tuesday,0,rural,6,0,rain,medium,32,low,distraction,major,2,2,0,0.25
1636,Pune,Maharashtra,18.668439,73.785663,2023-08-22,07:00:00,Tuesday,0,rural,2,1,rain,medium,40,medium,distraction,minor,1,1,0,0.25
1637,Pune,Maharashtra,18.471469,73.930442,2023-01-09,19:00:00,Monday,0,highway,4,1,clear,high,39,medium,poor road,major,1,1,1,0.25
1638,Mumbai,Maharashtra,18.847981,72.823659,2022-06-01,05:00:00,Wednesday,0,urban,6,0,fog,low,36,high,drunk driving,major,3,0,0,0.65
1639,Bangalore,Karnataka,12.821997,77.685033,2024-08-27,22:00:00,Tuesday,0,urban,3,0,rain,low,29,low,drunk driving,minor,5,0,0,0.45
1640,Mumbai,Maharashtra,18.932817,72.724696,2025-01-20,11:00:00,Monday,0,rural,4,1,rain,low,25,low,poor road,minor,5,1,0,0.45
1641,Chandigarh,Punjab,30.677102,76.870762,2022-05-12,18:00:00,Thursday,0,urban,3,1,fog,low,37,medium,overspeeding,major,2,1,1,0.6
1642,Mumbai,Maharashtra,19.12172,72.955727,2024-04-04,02:00:00,Thursday,0,urban,4,1,fog,low,35,low,poor road,major,5,5,0,0.45
1643,Mumbai,Maharashtra,19.224405,72.733773,2022-05-31,07:00:00,Tuesday,0,rural,1,0,rain,low,33,medium,drunk driving,major,1,0,0,0.45
1644,Pune,Maharashtra,18.546468,73.998662,2022-09-04,06:00:00,Sunday,1,urban,4,1,rain,low,39,low,overspeeding,minor,3,0,0,0.45
1645,Mumbai,Maharashtra,19.289883,72.851189,2022-12-10,16:00:00,Saturday,1,highway,4,1,fog,low,33,low,overspeeding,minor,4,4,0,0.45
1646,Chandigarh,Punjab,30.784944,76.865117,2024-07-03,08:00:00,Wednesday,0,urban,4,1,rain,medium,15,medium,distraction,major,3,0,1,0.4
1647,Chennai,Tamil Nadu,13.163624,80.290835,2023-07-17,05:00:00,Monday,0,urban,2,0,rain,low,23,low,weather,major,5,5,0,0.45
1648,Chandigarh,Punjab,30.622071,76.743849,2023-11-03,20:00:00,Friday,0,highway,2,1,rain,low,37,low,weather,minor,3,2,0,0.45
1649,Pune,Maharashtra,18.451827,73.734176,2024-11-13,02:00:00,Wednesday,0,rural,2,0,fog,low,33,medium,distraction,minor,4,1,0,0.45
1650,Delhi,Delhi,28.80446,77.209218,2022-11-05,15:00:00,Saturday,1,highway,6,1,fog,low,35,medium,overspeeding,major,4,4,0,0.45
1651,Chandigarh,Punjab,30.619681,76.773046,2022-07-17,05:00:00,Sunday,1,highway,3,0,fog,low,31,high,drunk driving,fatal,3,3,0,0.85
1652,Pune,Maharashtra,18.500458,73.817325,2023-12-04,19:00:00,Monday,0,rural,5,0,rain,medium,17,medium,drunk driving,minor,5,0,1,0.4
1653,Bangalore,Karnataka,12.810337,77.634336,2024-05-07,15:00:00,Tuesday,0,highway,3,1,clear,high,29,medium,overspeeding,major,4,1,0,0.1
1654,Pune,Maharashtra,18.57876,73.885727,2023-05-02,19:00:00,Tuesday,0,highway,2,1,rain,medium,32,high,distraction,fatal,1,1,1,0.8
1655,Mumbai,Maharashtra,19.21965,72.905145,2022-09-09,16:00:00,Friday,0,urban,5,1,clear,high,34,low,drunk driving,fatal,5,5,0,0.3
1656,Chennai,Tamil Nadu,13.017174,80.118194,2024-10-02,11:00:00,Wednesday,0,urban,5,1,rain,medium,39,high,weather,fatal,5,5,0,0.65
1657,Hyderabad,Telangana,17.314196,78.468336,2023-03-25,15:00:00,Saturday,1,highway,5,1,clear,high,23,medium,weather,minor,3,0,0,0.1
1658,Chennai,Tamil Nadu,12.804156,80.174845,2025-02-28,12:00:00,Friday,0,urban,3,0,fog,low,39,medium,overspeeding,minor,3,2,0,0.45
1659,Bangalore,Karnataka,12.901645,77.781522,2022-11-01,23:00:00,Tuesday,0,highway,6,1,fog,low,18,medium,drunk driving,minor,2,1,0,0.45
1660,Chandigarh,Punjab,30.651027,76.779066,2022-08-02,04:00:00,Tuesday,0,urban,6,1,rain,medium,28,low,overspeeding,minor,5,3,0,0.25
1661,Pune,Maharashtra,18.644675,73.941819,2023-11-03,02:00:00,Friday,0,highway,4,1,rain,low,34,low,overspeeding,minor,5,2,0,0.45
1662,Chennai,Tamil Nadu,12.832497,80.256613,2023-04-27,04:00:00,Thursday,0,rural,4,0,rain,medium,25,low,poor road,fatal,4,4,0,0.45
1663,Chennai,Tamil Nadu,12.820997,80.143515,2024-08-23,15:00:00,Friday,0,rural,5,0,clear,high,39,low,poor road,major,1,1,0,0.1
1664,Kolkata,West Bengal,22.641091,88.303329,2023-10-07,12:00:00,Saturday,1,highway,5,0,clear,high,35,high,distraction,minor,5,5,0,0.3
1665,Pune,Maharashtra,18.614682,73.785681,2023-06-23,01:00:00,Friday,0,rural,5,1,clear,high,34,low,drunk driving,minor,5,4,0,0.1
1666,Bangalore,Karnataka,12.958536,77.439465,2023-06-10,22:00:00,Saturday,1,highway,1,1,clear,high,17,medium,overspeeding,minor,2,1,0,0.1
1667,Mumbai,Maharashtra,19.259942,72.907975,2025-01-09,20:00:00,Thursday,0,highway,6,1,clear,high,22,medium,overspeeding,major,4,4,0,0.1
1668,Delhi,Delhi,28.467857,76.971035,2022-01-06,15:00:00,Thursday,0,rural,1,1,rain,medium,18,low,weather,minor,1,0,0,0.25
1669,Chennai,Tamil Nadu,12.975961,80.243145,2024-08-21,00:00:00,Wednesday,0,highway,1,1,clear,high,20,high,poor road,minor,1,1,0,0.3
1670,Delhi,Delhi,28.538005,77.138832,2025-03-23,06:00:00,Sunday,1,urban,1,1,rain,medium,32,medium,drunk driving,minor,5,0,0,0.25
1671,Kolkata,West Bengal,22.456272,88.291674,2024-03-22,18:00:00,Friday,0,highway,4,0,rain,low,25,high,poor road,minor,3,3,1,0.8
1672,Pune,Maharashtra,18.405661,73.848607,2022-03-27,20:00:00,Sunday,1,rural,2,0,clear,high,18,medium,poor road,fatal,5,5,0,0.3
1673,Pune,Maharashtra,18.507662,73.739433,2022-12-26,21:00:00,Monday,0,highway,4,0,rain,low,18,medium,distraction,major,5,0,0,0.45
1674,Delhi,Delhi,28.552423,77.264697,2024-10-28,19:00:00,Monday,0,highway,4,0,rain,low,24,high,distraction,major,1,1,1,0.8
1675,Hyderabad,Telangana,17.484214,78.401646,2024-04-07,18:00:00,Sunday,1,urban,2,1,clear,high,32,high,drunk driving,minor,4,4,1,0.45
1676,Pune,Maharashtra,18.4977,73.970407,2023-12-23,08:00:00,Saturday,1,highway,4,0,rain,low,21,low,weather,minor,4,0,1,0.6
1677,Kolkata,West Bengal,22.530795,88.464028,2024-09-25,20:00:00,Wednesday,0,rural,6,0,rain,low,40,low,overspeeding,minor,5,4,0,0.45
1678,Bangalore,Karnataka,12.979655,77.401502,2023-06-05,21:00:00,Monday,0,highway,3,0,fog,low,29,medium,weather,minor,1,1,0,0.45
1679,Delhi,Delhi,28.533135,77.03961,2024-11-11,18:00:00,Monday,0,urban,5,0,rain,low,29,high,poor road,minor,4,2,1,0.8
1680,Chennai,Tamil Nadu,12.973798,80.263565,2023-11-28,19:00:00,Tuesday,0,urban,1,0,clear,high,21,high,overspeeding,minor,3,1,1,0.45
1681,Chennai,Tamil Nadu,12.886631,80.227444,2025-02-05,11:00:00,Wednesday,0,urban,2,1,clear,high,23,medium,overspeeding,major,5,3,0,0.1
1682,Mumbai,Maharashtra,18.879159,72.877941,2022-05-21,22:00:00,Saturday,1,urban,6,0,fog,low,27,medium,distraction,major,2,2,0,0.45
1683,Delhi,Delhi,28.508255,77.263074,2024-01-01,18:00:00,Monday,0,urban,5,1,rain,low,27,high,overspeeding,minor,4,0,1,0.8
1684,Pune,Maharashtra,18.565975,73.758885,2023-12-29,03:00:00,Friday,0,urban,5,0,clear,high,29,low,poor road,major,3,3,0,0.1
1685,Bangalore,Karnataka,12.892489,77.747904,2022-01-26,07:00:00,Wednesday,0,urban,5,1,clear,high,16,low,weather,fatal,4,4,0,0.3
1686,Pune,Maharashtra,18.40358,73.881683,2024-03-20,04:00:00,Wednesday,0,highway,3,1,clear,high,16,low,poor road,minor,3,3,0,0.1
1687,Chandigarh,Punjab,30.660846,76.782702,2022-02-28,20:00:00,Monday,0,urban,4,1,rain,medium,32,low,drunk driving,minor,3,1,0,0.25
1688,Chandigarh,Punjab,30.698424,76.739401,2022-07-16,22:00:00,Saturday,1,urban,3,0,clear,high,23,medium,poor road,major,2,1,0,0.1
1689,Chandigarh,Punjab,30.678468,76.724122,2023-09-30,04:00:00,Saturday,1,highway,5,1,fog,low,28,low,distraction,major,2,2,0,0.45
1690,Pune,Maharashtra,18.676291,73.960983,2023-03-03,21:00:00,Friday,0,rural,5,0,rain,low,27,high,poor road,major,5,2,0,0.65
1691,Bangalore,Karnataka,12.960186,77.615439,2023-02-25,19:00:00,Saturday,1,highway,4,1,clear,high,21,high,poor road,minor,3,2,1,0.45
1692,Bangalore,Karnataka,13.188976,77.784255,2024-09-11,05:00:00,Wednesday,0,urban,2,1,rain,low,33,low,weather,fatal,5,5,0,0.65
1693,Chandigarh,Punjab,30.791815,76.874395,2023-12-02,09:00:00,Saturday,1,rural,1,1,rain,low,18,high,distraction,minor,4,4,1,0.8
1694,Pune,Maharashtra,18.449298,73.970019,2024-10-24,10:00:00,Thursday,0,urban,3,1,fog,low,29,low,distraction,major,4,4,1,0.6
1695,Chandigarh,Punjab,30.664738,76.794051,2023-11-02,07:00:00,Thursday,0,rural,6,1,clear,high,35,medium,weather,major,5,3,0,0.1
1696,Bangalore,Karnataka,12.900012,77.652917,2024-12-02,15:00:00,Monday,0,rural,3,0,clear,high,17,high,weather,fatal,4,4,0,0.5
1697,Mumbai,Maharashtra,18.912598,72.954704,2022-06-03,21:00:00,Friday,0,highway,4,1,rain,medium,38,high,distraction,major,4,1,0,0.45
1698,Chennai,Tamil Nadu,13.124754,80.18175,2023-03-10,23:00:00,Friday,0,urban,5,0,rain,medium,21,high,weather,minor,1,0,0,0.45
1699,Hyderabad,Telangana,17.235342,78.506584,2024-01-22,21:00:00,Monday,0,rural,1,0,rain,low,21,high,overspeeding,major,2,2,0,0.65
1700,Chandigarh,Punjab,30.732493,76.80753,2022-11-10,21:00:00,Thursday,0,urban,2,1,clear,high,18,low,weather,minor,2,1,0,0.1
1701,Bangalore,Karnataka,13.065401,77.594858,2022-08-02,08:00:00,Tuesday,0,rural,6,0,fog,low,28,high,weather,minor,5,1,1,0.8
1702,Pune,Maharashtra,18.561178,73.862661,2023-11-18,16:00:00,Saturday,1,highway,5,1,fog,low,34,medium,poor road,minor,1,1,0,0.45
1703,Kolkata,West Bengal,22.516768,88.285012,2022-02-07,14:00:00,Monday,0,highway,3,1,clear,high,18,high,poor road,minor,3,1,0,0.3
1704,Kolkata,West Bengal,22.633806,88.488096,2024-09-19,22:00:00,Thursday,0,urban,6,0,clear,high,28,high,poor road,major,2,2,0,0.3
1705,Chennai,Tamil Nadu,13.184077,80.237855,2022-07-29,01:00:00,Friday,0,urban,5,1,rain,medium,29,low,poor road,minor,5,4,0,0.25
1706,Delhi,Delhi,28.656282,76.826311,2024-06-17,09:00:00,Monday,0,urban,4,0,clear,high,19,high,poor road,major,5,3,1,0.45
1707,Hyderabad,Telangana,17.34352,78.442515,2022-04-05,16:00:00,Tuesday,0,urban,6,1,rain,medium,31,low,overspeeding,minor,1,0,0,0.25
1708,Pune,Maharashtra,18.448134,73.702537,2022-03-05,05:00:00,Saturday,1,rural,3,0,rain,medium,34,high,poor road,minor,2,1,0,0.45
1709,Chandigarh,Punjab,30.756943,76.721557,2024-04-25,02:00:00,Thursday,0,highway,3,0,rain,medium,25,medium,drunk driving,fatal,2,2,0,0.45
1710,Chandigarh,Punjab,30.632173,76.805053,2022-01-09,08:00:00,Sunday,1,rural,4,0,rain,medium,15,medium,poor road,minor,4,2,1,0.4
1711,Delhi,Delhi,28.564378,76.907453,2024-01-08,22:00:00,Monday,0,urban,2,0,clear,high,39,high,weather,major,1,0,0,0.3
1712,Kolkata,West Bengal,22.420891,88.434028,2022-04-30,20:00:00,Saturday,1,rural,5,0,clear,high,26,medium,distraction,minor,2,2,0,0.1
1713,Pune,Maharashtra,18.63364,73.832887,2023-05-12,00:00:00,Friday,0,highway,3,0,fog,low,18,medium,weather,major,2,0,0,0.45
1714,Pune,Maharashtra,18.531121,73.797989,2024-04-01,08:00:00,Monday,0,rural,2,1,clear,high,28,medium,weather,minor,2,0,1,0.25
1715,Hyderabad,Telangana,17.42112,78.591713,2022-04-10,21:00:00,Sunday,1,rural,3,1,fog,low,27,high,overspeeding,major,5,5,0,0.65
1716,Pune,Maharashtra,18.432995,73.705337,2024-05-21,03:00:00,Tuesday,0,urban,3,0,rain,low,28,high,drunk driving,fatal,1,1,0,0.85
1717,Pune,Maharashtra,18.553095,73.914736,2024-11-06,17:00:00,Wednesday,0,highway,3,1,fog,low,27,medium,drunk driving,major,4,0,1,0.6
1718,Pune,Maharashtra,18.509471,73.973131,2024-05-26,04:00:00,Sunday,1,highway,5,1,fog,low,18,low,drunk driving,major,1,1,0,0.45
1719,Pune,Maharashtra,18.459154,73.962445,2023-07-27,20:00:00,Thursday,0,rural,2,1,fog,low,38,low,distraction,minor,4,1,0,0.45
1720,Chandigarh,Punjab,30.742107,76.703842,2022-02-18,19:00:00,Friday,0,urban,3,0,clear,high,33,medium,drunk driving,major,3,1,1,0.25
1721,Delhi,Delhi,28.612067,77.061369,2022-10-28,22:00:00,Friday,0,urban,5,1,fog,low,37,medium,overspeeding,minor,1,1,0,0.45
1722,Bangalore,Karnataka,13.069503,77.76346,2022-04-09,15:00:00,Saturday,1,rural,2,1,fog,low,35,low,overspeeding,minor,5,1,0,0.45
1723,Chandigarh,Punjab,30.646063,76.812641,2022-09-05,20:00:00,Monday,0,rural,5,0,rain,low,27,medium,drunk driving,minor,3,0,0,0.45
1724,Chandigarh,Punjab,30.600581,76.826318,2022-12-21,07:00:00,Wednesday,0,rural,4,0,rain,medium,16,low,distraction,minor,3,2,0,0.25
1725,Chennai,Tamil Nadu,12.964832,80.215799,2022-06-23,22:00:00,Thursday,0,highway,6,1,clear,high,34,high,drunk driving,fatal,4,4,0,0.5
1726,Pune,Maharashtra,18.434393,73.77819,2023-05-03,17:00:00,Wednesday,0,highway,6,0,rain,low,24,high,weather,major,2,0,1,0.8
1727,Pune,Maharashtra,18.526979,73.905582,2023-05-20,17:00:00,Saturday,1,urban,3,1,clear,high,34,low,weather,fatal,5,5,1,0.45
1728,Chandigarh,Punjab,30.780343,76.881724,2023-12-10,10:00:00,Sunday,1,highway,6,0,rain,low,33,high,overspeeding,minor,3,1,1,0.8
1729,Pune,Maharashtra,18.691535,73.718326,2024-11-24,14:00:00,Sunday,1,rural,2,0,rain,medium,24,medium,poor road,major,1,1,0,0.25
1730,Bangalore,Karnataka,13.015905,77.672318,2024-09-18,00:00:00,Wednesday,0,urban,3,1,clear,high,24,low,overspeeding,minor,2,1,0,0.1
1731,Pune,Maharashtra,18.512052,73.812608,2023-09-19,01:00:00,Tuesday,0,rural,3,0,fog,low,40,low,overspeeding,major,5,2,0,0.45
1732,Delhi,Delhi,28.598019,77.140539,2024-01-11,02:00:00,Thursday,0,urban,2,0,fog,low,32,low,distraction,minor,5,3,0,0.45
1733,Hyderabad,Telangana,17.275883,78.253443,2023-05-29,23:00:00,Monday,0,rural,5,1,fog,low,23,high,overspeeding,minor,4,1,0,0.65
1734,Chennai,Tamil Nadu,13.064529,80.124595,2022-06-14,19:00:00,Tuesday,0,highway,1,0,fog,low,30,low,weather,minor,4,4,1,0.6
1735,Mumbai,Maharashtra,19.194631,72.758313,2024-03-12,11:00:00,Tuesday,0,highway,5,0,rain,medium,37,low,drunk driving,major,4,1,0,0.25
1736,Chennai,Tamil Nadu,13.056486,80.108545,2022-08-07,06:00:00,Sunday,1,highway,3,0,clear,high,38,medium,drunk driving,major,5,3,0,0.1
1737,Delhi,Delhi,28.760904,76.805314,2024-10-15,10:00:00,Tuesday,0,urban,1,0,fog,low,37,high,distraction,minor,4,0,1,0.8
1738,Kolkata,West Bengal,22.664854,88.260996,2024-01-11,12:00:00,Thursday,0,highway,5,0,clear,high,16,high,overspeeding,fatal,2,2,0,0.5
1739,Delhi,Delhi,28.429307,77.026695,2023-11-25,16:00:00,Saturday,1,urban,2,0,clear,high,33,low,drunk driving,fatal,3,3,0,0.3
1740,Bangalore,Karnataka,12.828241,77.742766,2024-12-24,14:00:00,Tuesday,0,highway,1,0,rain,low,21,medium,drunk driving,minor,4,2,0,0.45
1741,Mumbai,Maharashtra,19.295967,72.866663,2022-03-09,22:00:00,Wednesday,0,urban,1,0,fog,low,18,low,weather,major,1,1,0,0.45
1742,Hyderabad,Telangana,17.490986,78.387323,2023-05-23,03:00:00,Tuesday,0,rural,1,1,rain,low,28,medium,distraction,major,5,5,0,0.45
1743,Bangalore,Karnataka,13.145792,77.577918,2023-03-30,13:00:00,Thursday,0,urban,2,1,clear,high,40,high,poor road,fatal,3,3,0,0.5
1744,Mumbai,Maharashtra,18.94906,72.726928,2024-07-29,19:00:00,Monday,0,urban,3,1,rain,low,34,high,poor road,major,4,2,1,0.8
1745,Mumbai,Maharashtra,19.189894,72.922765,2022-06-25,18:00:00,Saturday,1,rural,2,1,fog,low,28,medium,weather,minor,5,5,1,0.6
1746,Mumbai,Maharashtra,19.017324,72.872838,2022-04-10,01:00:00,Sunday,1,highway,3,1,fog,low,38,low,poor road,minor,5,2,0,0.45
1747,Chandigarh,Punjab,30.662604,76.793407,2024-01-18,13:00:00,Thursday,0,urban,2,1,fog,low,27,medium,poor road,minor,3,3,0,0.45
1748,Delhi,Delhi,28.506853,77.158378,2024-09-23,11:00:00,Monday,0,urban,3,0,clear,high,38,low,overspeeding,minor,4,0,0,0.1
1749,Hyderabad,Telangana,17.536715,78.445376,2024-02-04,23:00:00,Sunday,1,rural,6,0,fog,low,31,medium,overspeeding,major,2,0,0,0.45
1750,Pune,Maharashtra,18.646771,73.869615,2023-06-20,19:00:00,Tuesday,0,rural,4,0,rain,low,30,medium,weather,fatal,5,5,1,0.8
1751,Pune,Maharashtra,18.553953,73.993066,2022-02-19,23:00:00,Saturday,1,urban,2,1,rain,low,24,high,weather,major,1,0,0,0.65
1752,Bangalore,Karnataka,12.990773,77.567592,2025-03-29,17:00:00,Saturday,1,highway,3,1,clear,high,16,high,distraction,minor,3,2,1,0.45
1753,Mumbai,Maharashtra,19.250054,72.717576,2024-04-21,13:00:00,Sunday,1,highway,2,0,rain,low,16,medium,distraction,fatal,2,2,0,0.65
1754,Delhi,Delhi,28.836113,77.040472,2023-04-04,06:00:00,Tuesday,0,rural,5,0,clear,high,20,medium,drunk driving,minor,2,2,0,0.1
1755,Delhi,Delhi,28.66929,76.9027,2023-09-25,05:00:00,Monday,0,urban,5,1,rain,medium,23,high,weather,major,1,0,0,0.45
1756,Delhi,Delhi,28.442905,77.171179,2022-05-15,07:00:00,Sunday,1,urban,1,1,fog,low,40,medium,overspeeding,fatal,3,3,0,0.65
1757,Kolkata,West Bengal,22.457708,88.204325,2023-05-15,00:00:00,Monday,0,urban,1,0,rain,medium,27,low,drunk driving,fatal,4,4,0,0.45
1758,Bangalore,Karnataka,13.003207,77.452938,2025-01-14,20:00:00,Tuesday,0,rural,5,0,fog,low,32,low,drunk driving,major,2,2,0,0.45
1759,Kolkata,West Bengal,22.582181,88.374677,2024-01-01,05:00:00,Monday,0,highway,3,0,clear,high,15,low,weather,minor,5,0,0,0.1
1760,Kolkata,West Bengal,22.413804,88.204001,2023-04-06,11:00:00,Thursday,0,urban,1,1,clear,high,29,low,drunk driving,major,4,1,0,0.1
1761,Delhi,Delhi,28.553171,77.154221,2025-03-15,05:00:00,Saturday,1,rural,3,0,rain,medium,37,high,drunk driving,minor,1,1,0,0.45
1762,Delhi,Delhi,28.492385,77.18873,2023-06-26,23:00:00,Monday,0,rural,5,0,rain,medium,32,high,overspeeding,fatal,2,2,0,0.65
1763,Pune,Maharashtra,18.401588,73.913293,2022-11-27,03:00:00,Sunday,1,rural,6,1,clear,high,18,low,poor road,minor,4,4,0,0.1
1764,Delhi,Delhi,28.839313,76.836281,2024-10-15,21:00:00,Tuesday,0,urban,1,0,clear,high,23,high,drunk driving,minor,5,5,0,0.3
1765,Bangalore,Karnataka,13.177389,77.691824,2023-10-11,02:00:00,Wednesday,0,urban,5,0,clear,high,17,low,drunk driving,major,5,2,0,0.1
1766,Mumbai,Maharashtra,18.937501,72.745208,2023-08-26,03:00:00,Saturday,1,highway,5,1,fog,low,20,low,weather,major,2,2,0,0.45
1767,Chandigarh,Punjab,30.609731,76.724737,2024-08-29,01:00:00,Thursday,0,rural,4,1,rain,low,33,low,distraction,major,2,1,0,0.45
1768,Chandigarh,Punjab,30.704051,76.891741,2022-02-08,13:00:00,Tuesday,0,urban,4,0,clear,high,20,medium,weather,minor,4,3,0,0.1
1769,Bangalore,Karnataka,12.872204,77.622179,2025-02-02,02:00:00,Sunday,1,urban,2,1,rain,low,16,low,drunk driving,major,2,0,0,0.45
1770,Bangalore,Karnataka,12.861562,77.46636,2023-06-20,04:00:00,Tuesday,0,highway,5,1,clear,high,37,high,drunk driving,minor,1,0,0,0.3
1771,Kolkata,West Bengal,22.534993,88.313544,2022-04-10,19:00:00,Sunday,1,urban,1,1,clear,high,40,high,weather,fatal,5,5,1,0.65
1772,Delhi,Delhi,28.644433,77.153171,2024-12-19,16:00:00,Thursday,0,urban,3,0,rain,medium,19,low,poor road,major,2,0,0,0.25
1773,Hyderabad,Telangana,17.585938,78.382128,2024-03-18,00:00:00,Monday,0,urban,2,1,clear,high,35,low,poor road,major,3,3,0,0.1
1774,Bangalore,Karnataka,12.941383,77.415798,2022-03-31,03:00:00,Thursday,0,rural,1,0,rain,medium,17,low,poor road,minor,3,3,0,0.25
1775,Chandigarh,Punjab,30.642682,76.893661,2023-06-19,23:00:00,Monday,0,rural,6,0,fog,low,21,high,weather,minor,4,4,0,0.65
1776,Kolkata,West Bengal,22.587672,88.370645,2022-06-24,15:00:00,Friday,0,urban,2,1,clear,high,40,medium,weather,major,1,1,0,0.1
1777,Pune,Maharashtra,18.541523,73.929978,2024-12-02,12:00:00,Monday,0,highway,3,1,rain,medium,22,medium,drunk driving,minor,3,1,0,0.25
1778,Hyderabad,Telangana,17.245916,78.457443,2022-03-18,02:00:00,Friday,0,urban,3,1,rain,low,38,low,weather,major,5,0,0,0.45
1779,Pune,Maharashtra,18.419658,73.726711,2022-02-01,06:00:00,Tuesday,0,rural,4,0,clear,high,34,high,drunk driving,major,4,0,0,0.3
1780,Bangalore,Karnataka,13.023377,77.65737,2024-07-25,19:00:00,Thursday,0,urban,2,0,fog,low,17,high,weather,minor,5,4,1,0.8
1781,Hyderabad,Telangana,17.483446,78.375371,2025-02-13,11:00:00,Thursday,0,rural,2,0,fog,low,26,high,drunk driving,major,3,0,0,0.65
1782,Mumbai,Maharashtra,19.080412,72.990781,2024-10-11,11:00:00,Friday,0,rural,4,0,clear,high,27,medium,overspeeding,minor,2,1,0,0.1
1783,Kolkata,West Bengal,22.537315,88.436364,2023-11-13,01:00:00,Monday,0,urban,4,1,fog,low,36,medium,overspeeding,minor,5,4,0,0.45
1784,Chandigarh,Punjab,30.631657,76.754742,2022-09-16,04:00:00,Friday,0,highway,2,1,fog,low,33,low,distraction,minor,5,3,0,0.45
1785,Delhi,Delhi,28.824507,76.971272,2023-02-27,06:00:00,Monday,0,urban,6,0,clear,high,20,high,distraction,minor,5,1,0,0.3
1786,Chennai,Tamil Nadu,13.087733,80.105714,2023-01-15,11:00:00,Sunday,1,rural,5,1,rain,medium,16,low,overspeeding,minor,1,0,0,0.25
1787,Chennai,Tamil Nadu,12.800331,80.172707,2022-09-13,06:00:00,Tuesday,0,highway,1,1,clear,high,39,medium,weather,major,5,5,0,0.1
1788,Chennai,Tamil Nadu,12.993764,80.252691,2022-01-08,16:00:00,Saturday,1,urban,1,0,fog,low,16,medium,distraction,fatal,4,4,0,0.65
1789,Kolkata,West Bengal,22.67901,88.411153,2022-05-21,19:00:00,Saturday,1,urban,4,1,rain,medium,21,high,distraction,minor,4,4,1,0.6
1790,Chandigarh,Punjab,30.696061,76.85086,2024-04-16,22:00:00,Tuesday,0,urban,1,0,clear,high,27,medium,poor road,minor,2,2,0,0.1
1791,Chandigarh,Punjab,30.740362,76.818377,2022-09-05,08:00:00,Monday,0,rural,5,1,rain,low,15,medium,drunk driving,minor,3,3,1,0.6
1792,Kolkata,West Bengal,22.532279,88.495263,2025-03-18,22:00:00,Tuesday,0,rural,2,1,clear,high,22,low,drunk driving,minor,4,2,0,0.1
1793,Hyderabad,Telangana,17.305846,78.236043,2024-07-27,17:00:00,Saturday,1,urban,6,0,clear,high,27,medium,poor road,fatal,5,5,1,0.45
1794,Mumbai,Maharashtra,19.143699,72.841429,2023-03-20,02:00:00,Monday,0,highway,6,0,fog,low,36,low,distraction,fatal,3,3,0,0.65
1795,Pune,Maharashtra,18.581718,73.708553,2023-10-23,14:00:00,Monday,0,urban,2,0,clear,high,38,medium,weather,minor,5,1,0,0.1
1796,Bangalore,Karnataka,13.10672,77.779038,2023-07-14,06:00:00,Friday,0,rural,3,1,clear,high,35,medium,drunk driving,minor,3,2,0,0.1
1797,Hyderabad,Telangana,17.551162,78.441074,2022-09-29,15:00:00,Thursday,0,urban,2,1,fog,low,24,low,poor road,minor,2,2,0,0.45
1798,Chennai,Tamil Nadu,13.091225,80.155214,2023-04-13,00:00:00,Thursday,0,rural,2,0,clear,high,31,low,overspeeding,minor,5,0,0,0.1
1799,Kolkata,West Bengal,22.66085,88.264582,2023-01-23,06:00:00,Monday,0,highway,2,1,rain,medium,39,low,drunk driving,major,3,3,0,0.25
1800,Hyderabad,Telangana,17.513301,78.501359,2022-11-22,10:00:00,Tuesday,0,rural,4,1,fog,low,26,high,overspeeding,major,5,4,1,0.8
1801,Delhi,Delhi,28.757095,77.242579,2024-07-04,02:00:00,Thursday,0,highway,3,0,fog,low,34,medium,drunk driving,major,1,1,0,0.45
1802,Kolkata,West Bengal,22.556365,88.490168,2023-12-29,06:00:00,Friday,0,highway,5,1,rain,low,24,low,overspeeding,major,3,3,0,0.45
1803,Pune,Maharashtra,18.621478,73.955777,2023-06-02,13:00:00,Friday,0,highway,2,1,rain,low,39,high,overspeeding,minor,3,2,0,0.65
1804,Bangalore,Karnataka,13.154641,77.483143,2023-03-06,06:00:00,Monday,0,rural,3,0,fog,low,23,high,overspeeding,minor,4,2,0,0.65
1805,Pune,Maharashtra,18.464794,73.773668,2023-01-08,22:00:00,Sunday,1,rural,1,1,rain,medium,31,medium,distraction,major,3,3,0,0.25
1806,Hyderabad,Telangana,17.49804,78.437039,2023-04-06,09:00:00,Thursday,0,rural,3,1,rain,medium,19,high,drunk driving,minor,1,1,1,0.6
1807,Mumbai,Maharashtra,19.244726,72.870697,2024-12-19,07:00:00,Thursday,0,urban,6,0,rain,low,17,low,poor road,fatal,3,3,0,0.65
1808,Mumbai,Maharashtra,18.843538,72.780003,2023-11-08,16:00:00,Wednesday,0,urban,5,1,clear,high,22,low,overspeeding,major,4,4,0,0.1
1809,Kolkata,West Bengal,22.581594,88.386157,2025-01-30,17:00:00,Thursday,0,urban,5,1,fog,low,25,high,poor road,major,4,2,1,0.8
1810,Pune,Maharashtra,18.616722,73.884585,2023-11-26,17:00:00,Sunday,1,rural,5,0,clear,high,33,medium,distraction,minor,1,0,1,0.25
1811,Hyderabad,Telangana,17.233663,78.285784,2023-01-02,17:00:00,Monday,0,highway,3,1,fog,low,40,medium,overspeeding,fatal,5,5,1,0.8
1812,Delhi,Delhi,28.894429,77.025516,2024-06-10,20:00:00,Monday,0,urban,5,1,rain,low,21,medium,weather,fatal,5,5,0,0.65
1813,Delhi,Delhi,28.744114,77.05639,2025-03-10,16:00:00,Monday,0,highway,3,0,clear,high,34,low,weather,major,3,0,0,0.1
1814,Kolkata,West Bengal,22.576134,88.29245,2023-09-14,16:00:00,Thursday,0,rural,3,0,rain,medium,16,high,distraction,minor,3,2,0,0.45
1815,Delhi,Delhi,28.586811,77.04014,2023-09-16,19:00:00,Saturday,1,urban,2,1,rain,low,30,medium,overspeeding,minor,2,1,1,0.6
1816,Bangalore,Karnataka,12.853215,77.79157,2024-03-04,13:00:00,Monday,0,rural,5,1,clear,high,26,medium,weather,major,1,1,0,0.1
1817,Pune,Maharashtra,18.614427,73.834231,2023-12-17,13:00:00,Sunday,1,highway,2,0,rain,low,34,high,weather,minor,5,3,0,0.65
1818,Kolkata,West Bengal,22.448957,88.226478,2022-04-20,18:00:00,Wednesday,0,rural,4,1,rain,medium,18,high,weather,major,1,1,1,0.6
1819,Hyderabad,Telangana,17.370544,78.551773,2024-07-01,18:00:00,Monday,0,rural,4,0,fog,low,35,low,distraction,minor,5,2,1,0.6
1820,Mumbai,Maharashtra,18.958157,72.886473,2024-11-14,16:00:00,Thursday,0,rural,4,0,clear,high,36,high,distraction,major,4,4,0,0.3
1821,Chandigarh,Punjab,30.636337,76.801568,2022-04-04,01:00:00,Monday,0,urban,6,1,rain,low,24,low,overspeeding,minor,3,0,0,0.45
1822,Pune,Maharashtra,18.54762,73.721965,2024-01-16,23:00:00,Tuesday,0,rural,1,1,clear,high,36,medium,drunk driving,minor,4,0,0,0.1
1823,Hyderabad,Telangana,17.471899,78.367469,2023-03-30,13:00:00,Thursday,0,rural,5,0,rain,medium,31,medium,drunk driving,major,4,1,0,0.25
1824,Chandigarh,Punjab,30.624738,76.783117,2024-01-19,06:00:00,Friday,0,rural,2,1,clear,high,29,low,distraction,minor,3,0,0,0.1
1825,Delhi,Delhi,28.62743,76.818431,2023-09-29,11:00:00,Friday,0,urban,5,0,rain,low,15,low,drunk driving,minor,2,1,0,0.45
1826,Mumbai,Maharashtra,18.914091,72.79282,2024-06-09,21:00:00,Sunday,1,rural,4,0,rain,medium,40,medium,weather,minor,5,1,0,0.25
1827,Delhi,Delhi,28.403075,76.871978,2022-03-10,07:00:00,Thursday,0,rural,5,0,rain,low,35,medium,poor road,minor,3,3,0,0.45
1828,Bangalore,Karnataka,12.845921,77.432519,2022-09-06,18:00:00,Tuesday,0,rural,4,0,rain,low,40,low,poor road,minor,4,1,1,0.6
1829,Chandigarh,Punjab,30.731501,76.849908,2023-02-13,22:00:00,Monday,0,urban,4,1,rain,low,40,medium,drunk driving,major,4,3,0,0.45
1830,Mumbai,Maharashtra,19.02615,72.752893,2024-12-24,16:00:00,Tuesday,0,rural,3,1,clear,high,30,low,poor road,fatal,1,1,0,0.3
1831,Chandigarh,Punjab,30.691238,76.790228,2022-08-20,06:00:00,Saturday,1,urban,2,0,clear,high,34,medium,overspeeding,major,1,0,0,0.1
1832,Chandigarh,Punjab,30.649162,76.706434,2024-07-10,09:00:00,Wednesday,0,urban,6,0,fog,low,18,high,distraction,minor,4,0,1,0.8
1833,Chennai,Tamil Nadu,13.130428,80.264176,2023-09-25,12:00:00,Monday,0,rural,5,0,clear,high,28,high,weather,fatal,5,5,0,0.5
1834,Chandigarh,Punjab,30.647349,76.859653,2022-08-10,12:00:00,Wednesday,0,urban,1,0,rain,medium,15,low,poor road,minor,1,0,0,0.25
1835,Delhi,Delhi,28.488847,76.845118,2023-09-23,16:00:00,Saturday,1,rural,3,1,clear,high,28,medium,overspeeding,minor,5,0,0,0.1
1836,Delhi,Delhi,28.561032,76.841269,2024-11-18,05:00:00,Monday,0,highway,4,1,rain,low,21,medium,weather,minor,1,1,0,0.45
1837,Hyderabad,Telangana,17.566375,78.445457,2024-12-27,19:00:00,Friday,0,rural,3,0,rain,medium,17,high,overspeeding,minor,3,2,1,0.6
1838,Pune,Maharashtra,18.522477,73.753377,2023-06-24,13:00:00,Saturday,1,rural,2,1,rain,low,30,medium,weather,major,2,1,0,0.45
1839,Chandigarh,Punjab,30.740035,76.773428,2024-06-17,18:00:00,Monday,0,rural,4,0,rain,medium,28,medium,poor road,minor,4,4,1,0.4
1840,Chennai,Tamil Nadu,13.11856,80.221476,2023-02-17,11:00:00,Friday,0,rural,6,0,fog,low,24,medium,drunk driving,minor,5,4,0,0.45
1841,Chennai,Tamil Nadu,12.874258,80.213865,2024-11-08,12:00:00,Friday,0,urban,3,0,rain,low,19,medium,weather,minor,4,0,0,0.45
1842,Hyderabad,Telangana,17.532825,78.205245,2023-04-04,22:00:00,Tuesday,0,highway,3,1,rain,medium,31,low,distraction,minor,5,5,0,0.25
1843,Delhi,Delhi,28.74338,76.820689,2023-01-05,07:00:00,Thursday,0,rural,6,1,fog,low,28,high,distraction,minor,5,1,0,0.65
1844,Kolkata,West Bengal,22.565,88.444385,2025-02-21,16:00:00,Friday,0,rural,6,0,fog,low,28,medium,weather,minor,1,1,0,0.45
1845,Kolkata,West Bengal,22.534388,88.449037,2023-06-26,15:00:00,Monday,0,highway,5,1,fog,low,39,medium,drunk driving,major,2,1,0,0.45
1846,Pune,Maharashtra,18.403833,73.810456,2023-03-24,22:00:00,Friday,0,highway,4,0,rain,low,22,low,overspeeding,major,2,1,0,0.45
1847,Chennai,Tamil Nadu,12.984423,80.146295,2022-12-12,22:00:00,Monday,0,rural,2,0,fog,low,25,low,weather,minor,2,2,0,0.45
1848,Delhi,Delhi,28.736974,76.867217,2024-04-26,01:00:00,Friday,0,rural,1,0,fog,low,32,high,overspeeding,major,1,1,0,0.65
1849,Pune,Maharashtra,18.577175,73.744265,2022-07-04,20:00:00,Monday,0,highway,1,0,fog,low,40,high,poor road,minor,2,2,0,0.65
1850,Pune,Maharashtra,18.475709,73.92682,2022-09-25,12:00:00,Sunday,1,highway,5,1,rain,medium,32,medium,poor road,minor,3,3,0,0.25
1851,Chennai,Tamil Nadu,13.087965,80.181664,2022-05-16,11:00:00,Monday,0,highway,1,1,clear,high,28,low,weather,major,5,4,0,0.1
1852,Hyderabad,Telangana,17.534085,78.349686,2024-09-26,20:00:00,Thursday,0,urban,3,1,rain,low,40,high,overspeeding,major,2,2,0,0.65
1853,Chennai,Tamil Nadu,13.094486,80.278522,2023-02-03,18:00:00,Friday,0,rural,3,1,clear,high,32,high,weather,minor,4,3,1,0.45
1854,Delhi,Delhi,28.410655,77.056885,2024-08-08,16:00:00,Thursday,0,highway,3,1,clear,high,22,high,distraction,major,4,2,0,0.3
1855,Bangalore,Karnataka,13.066777,77.684146,2024-02-11,01:00:00,Sunday,1,urban,3,1,fog,low,23,high,weather,minor,4,4,0,0.65
1856,Delhi,Delhi,28.454322,77.196344,2023-10-29,23:00:00,Sunday,1,rural,6,0,rain,low,20,medium,weather,major,1,1,0,0.45
1857,Hyderabad,Telangana,17.276958,78.241256,2023-04-03,09:00:00,Monday,0,urban,1,1,fog,low,34,high,overspeeding,major,1,0,1,0.8
1858,Delhi,Delhi,28.670842,77.178892,2025-01-20,08:00:00,Monday,0,urban,2,1,clear,high,31,high,distraction,minor,1,0,1,0.45
1859,Mumbai,Maharashtra,19.179326,72.900609,2024-09-20,05:00:00,Friday,0,rural,6,1,rain,low,16,low,overspeeding,minor,3,3,0,0.45
1860,Kolkata,West Bengal,22.509471,88.366408,2024-02-06,02:00:00,Tuesday,0,highway,4,1,clear,high,38,low,poor road,minor,2,0,0,0.1
1861,Hyderabad,Telangana,17.4677,78.248911,2022-01-20,10:00:00,Thursday,0,urban,5,0,fog,low,37,medium,distraction,minor,4,3,1,0.6
1862,Bangalore,Karnataka,13.122319,77.407799,2024-04-05,10:00:00,Friday,0,urban,4,1,rain,medium,24,high,overspeeding,minor,5,0,1,0.6
1863,Hyderabad,Telangana,17.383219,78.219605,2023-06-06,01:00:00,Tuesday,0,rural,2,1,fog,low,38,medium,drunk driving,minor,1,0,0,0.45
1864,Mumbai,Maharashtra,18.951444,72.883966,2023-04-15,07:00:00,Saturday,1,highway,5,0,fog,low,31,high,poor road,major,4,1,0,0.65
1865,Chennai,Tamil Nadu,13.159472,80.18306,2023-09-16,10:00:00,Saturday,1,urban,3,1,clear,high,27,high,distraction,fatal,2,2,1,0.65
1866,Mumbai,Maharashtra,18.877163,72.759247,2023-10-12,19:00:00,Thursday,0,urban,6,0,rain,medium,28,high,poor road,minor,2,0,1,0.6
1867,Mumbai,Maharashtra,18.901212,72.848657,2024-04-18,00:00:00,Thursday,0,rural,3,0,fog,low,27,low,drunk driving,minor,1,1,0,0.45
1868,Delhi,Delhi,28.752709,77.126376,2024-11-04,06:00:00,Monday,0,highway,2,1,rain,low,22,high,drunk driving,minor,3,1,0,0.65
1869,Chennai,Tamil Nadu,13.184877,80.180381,2022-01-11,23:00:00,Tuesday,0,rural,4,1,fog,low,32,high,distraction,major,4,0,0,0.65
1870,Mumbai,Maharashtra,19.255397,72.771853,2024-02-29,23:00:00,Thursday,0,urban,5,1,rain,low,16,high,drunk driving,major,5,0,0,0.65
1871,Kolkata,West Bengal,22.409028,88.428215,2022-04-28,10:00:00,Thursday,0,rural,1,0,fog,low,28,high,weather,minor,1,0,1,0.8
1872,Kolkata,West Bengal,22.477527,88.342295,2024-06-24,14:00:00,Monday,0,urban,3,1,clear,high,23,low,poor road,minor,5,2,0,0.1
1873,Mumbai,Maharashtra,19.261016,72.930206,2022-06-16,15:00:00,Thursday,0,urban,2,0,fog,low,40,high,poor road,major,5,0,0,0.65
1874,Mumbai,Maharashtra,19.031067,72.708247,2025-03-10,00:00:00,Monday,0,urban,1,1,rain,medium,27,low,weather,fatal,4,4,0,0.45
1875,Mumbai,Maharashtra,19.113618,72.746258,2022-11-14,10:00:00,Monday,0,rural,5,0,fog,low,29,high,overspeeding,minor,1,1,1,0.8
1876,Kolkata,West Bengal,22.524511,88.322611,2023-11-11,21:00:00,Saturday,1,urban,1,0,fog,low,23,medium,distraction,major,2,0,0,0.45
1877,Pune,Maharashtra,18.518825,73.901484,2024-01-23,10:00:00,Tuesday,0,urban,5,0,clear,high,17,medium,overspeeding,minor,2,1,1,0.25
1878,Kolkata,West Bengal,22.621297,88.313108,2024-03-08,23:00:00,Friday,0,urban,3,0,clear,high,27,low,overspeeding,major,4,3,0,0.1
1879,Chandigarh,Punjab,30.679102,76.899287,2023-08-01,23:00:00,Tuesday,0,rural,5,0,rain,low,35,high,drunk driving,major,1,1,0,0.65
1880,Chandigarh,Punjab,30.611009,76.809222,2023-04-07,19:00:00,Friday,0,rural,6,0,clear,high,17,high,distraction,minor,3,3,1,0.45
1881,Mumbai,Maharashtra,18.941008,72.786179,2024-04-20,07:00:00,Saturday,1,highway,4,1,clear,high,33,low,distraction,fatal,1,1,0,0.3
1882,Bangalore,Karnataka,12.900394,77.778303,2023-07-15,04:00:00,Saturday,1,highway,2,0,rain,medium,33,low,distraction,fatal,5,5,0,0.45
1883,Mumbai,Maharashtra,19.036687,72.978662,2024-05-17,22:00:00,Friday,0,urban,6,0,fog,low,16,low,weather,minor,2,2,0,0.45
1884,Delhi,Delhi,28.560515,77.151387,2023-07-10,12:00:00,Monday,0,highway,3,1,clear,high,16,high,poor road,minor,1,0,0,0.3
1885,Pune,Maharashtra,18.42072,73.904684,2023-10-24,02:00:00,Tuesday,0,rural,5,0,rain,medium,35,low,drunk driving,minor,1,1,0,0.25
1886,Pune,Maharashtra,18.422521,73.804008,2024-10-28,03:00:00,Monday,0,rural,5,0,fog,low,37,low,distraction,major,4,3,0,0.45
1887,Delhi,Delhi,28.793337,76.974346,2023-04-06,01:00:00,Thursday,0,highway,3,0,fog,low,16,low,overspeeding,minor,1,1,0,0.45
1888,Chennai,Tamil Nadu,12.831183,80.13847,2023-08-03,09:00:00,Thursday,0,rural,5,0,clear,high,20,high,distraction,minor,5,1,1,0.45
1889,Mumbai,Maharashtra,19.004417,72.989302,2022-09-01,10:00:00,Thursday,0,urban,2,0,clear,high,38,medium,drunk driving,major,4,0,1,0.25
1890,Hyderabad,Telangana,17.431019,78.570902,2024-04-12,16:00:00,Friday,0,highway,5,1,clear,high,28,low,poor road,major,3,1,0,0.1
1891,Kolkata,West Bengal,22.684151,88.376374,2022-07-24,15:00:00,Sunday,1,rural,2,0,rain,medium,34,high,distraction,minor,4,3,0,0.45
1892,Bangalore,Karnataka,12.900053,77.599742,2024-10-01,01:00:00,Tuesday,0,rural,1,0,rain,low,33,low,drunk driving,minor,3,2,0,0.45
1893,Delhi,Delhi,28.465623,77.076124,2023-06-25,13:00:00,Sunday,1,highway,5,1,rain,medium,20,low,overspeeding,minor,1,0,0,0.25
1894,Chennai,Tamil Nadu,12.915393,80.1335,2023-12-15,04:00:00,Friday,0,rural,1,1,fog,low,32,low,poor road,fatal,4,4,0,0.65
1895,Chennai,Tamil Nadu,13.178928,80.253025,2022-12-11,16:00:00,Sunday,1,highway,2,1,fog,low,32,medium,weather,major,5,4,0,0.45
1896,Bangalore,Karnataka,12.971636,77.601315,2023-05-12,13:00:00,Friday,0,urban,5,0,rain,low,18,high,poor road,major,2,0,0,0.65
1897,Chandigarh,Punjab,30.705862,76.710205,2024-08-22,23:00:00,Thursday,0,rural,5,1,clear,high,20,low,drunk driving,minor,2,2,0,0.1
1898,Kolkata,West Bengal,22.635705,88.447946,2023-12-05,22:00:00,Tuesday,0,highway,6,1,clear,high,30,medium,weather,major,2,2,0,0.1
1899,Chandigarh,Punjab,30.773879,76.83724,2024-12-24,20:00:00,Tuesday,0,rural,1,0,rain,low,23,low,overspeeding,fatal,4,4,0,0.65
1900,Chandigarh,Punjab,30.775581,76.72727,2023-08-19,19:00:00,Saturday,1,highway,6,1,rain,medium,28,medium,drunk driving,major,4,4,1,0.4
1901,Pune,Maharashtra,18.550436,73.929063,2024-05-31,03:00:00,Friday,0,highway,3,1,rain,medium,21,high,poor road,major,5,4,0,0.45
1902,Kolkata,West Bengal,22.644888,88.414783,2024-11-11,08:00:00,Monday,0,rural,2,0,clear,high,39,medium,distraction,minor,1,1,1,0.25
1903,Hyderabad,Telangana,17.331418,78.348077,2023-06-26,17:00:00,Monday,0,urban,3,0,clear,high,40,high,poor road,minor,1,1,1,0.45
1904,Delhi,Delhi,28.781565,77.023593,2023-08-27,21:00:00,Sunday,1,rural,2,0,rain,medium,15,high,overspeeding,minor,3,3,0,0.45
1905,Kolkata,West Bengal,22.635438,88.49229,2024-10-17,00:00:00,Thursday,0,urban,4,0,rain,medium,29,low,drunk driving,fatal,3,3,0,0.45
1906,Delhi,Delhi,28.615799,76.82326,2024-09-10,06:00:00,Tuesday,0,urban,6,1,rain,low,34,low,distraction,minor,4,3,0,0.45
1907,Hyderabad,Telangana,17.349993,78.460942,2022-09-30,18:00:00,Friday,0,urban,3,0,clear,high,18,high,distraction,major,1,1,1,0.45
1908,Chandigarh,Punjab,30.65733,76.762297,2023-09-24,00:00:00,Sunday,1,urban,2,0,fog,low,35,low,drunk driving,fatal,4,4,0,0.65
1909,Chennai,Tamil Nadu,13.15515,80.176578,2022-12-02,09:00:00,Friday,0,urban,5,1,rain,medium,33,medium,overspeeding,minor,5,2,1,0.4
1910,Bangalore,Karnataka,13.1208,77.797364,2022-04-27,14:00:00,Wednesday,0,highway,4,1,rain,low,24,low,distraction,major,3,0,0,0.45
1911,Delhi,Delhi,28.729504,77.103161,2023-11-29,10:00:00,Wednesday,0,highway,2,0,fog,low,31,high,overspeeding,minor,5,4,1,0.8
1912,Chandigarh,Punjab,30.626684,76.753037,2023-09-24,08:00:00,Sunday,1,urban,2,0,rain,low,32,high,weather,minor,2,0,1,0.8
1913,Kolkata,West Bengal,22.566868,88.469206,2022-11-16,11:00:00,Wednesday,0,highway,1,0,fog,low,16,low,drunk driving,fatal,3,3,0,0.65
1914,Kolkata,West Bengal,22.593698,88.417231,2022-05-26,14:00:00,Thursday,0,rural,2,0,rain,medium,19,high,poor road,minor,1,0,0,0.45
1915,Bangalore,Karnataka,12.906799,77.78078,2024-06-25,22:00:00,Tuesday,0,highway,4,0,fog,low,21,high,weather,minor,1,1,0,0.65
1916,Delhi,Delhi,28.683763,76.96065,2025-03-29,13:00:00,Saturday,1,highway,2,1,rain,low,40,high,drunk driving,minor,5,1,0,0.65
1917,Kolkata,West Bengal,22.539371,88.370616,2022-03-20,17:00:00,Sunday,1,urban,1,0,clear,high,16,low,drunk driving,minor,3,2,1,0.25
1918,Pune,Maharashtra,18.663239,73.766445,2022-06-25,09:00:00,Saturday,1,highway,6,0,rain,low,40,medium,drunk driving,fatal,2,2,1,0.8
1919,Mumbai,Maharashtra,19.158977,72.793676,2023-03-19,12:00:00,Sunday,1,urban,5,0,rain,medium,39,medium,drunk driving,fatal,5,5,0,0.45
1920,Pune,Maharashtra,18.557141,73.89624,2024-03-23,13:00:00,Saturday,1,highway,4,1,rain,low,16,medium,poor road,major,2,1,0,0.45
1921,Kolkata,West Bengal,22.494663,88.203471,2022-06-26,23:00:00,Sunday,1,urban,3,1,rain,medium,34,low,overspeeding,fatal,5,5,0,0.45
1922,Mumbai,Maharashtra,19.141466,72.790503,2024-04-23,02:00:00,Tuesday,0,highway,2,0,clear,high,22,low,drunk driving,major,1,1,0,0.1
1923,Delhi,Delhi,28.618658,76.893725,2024-12-29,01:00:00,Sunday,1,urban,3,0,fog,low,26,low,overspeeding,fatal,1,1,0,0.65
1924,Chandigarh,Punjab,30.652935,76.706566,2022-11-13,01:00:00,Sunday,1,rural,6,1,rain,low,20,low,poor road,minor,2,0,0,0.45
1925,Chennai,Tamil Nadu,13.091178,80.120332,2024-06-15,21:00:00,Saturday,1,urban,3,1,rain,low,26,medium,overspeeding,fatal,4,4,0,0.65
1926,Kolkata,West Bengal,22.53316,88.350396,2025-04-10,11:00:00,Thursday,0,urban,1,0,clear,high,33,medium,poor road,fatal,3,3,0,0.3
1927,Bangalore,Karnataka,13.030381,77.781378,2024-01-09,19:00:00,Tuesday,0,urban,5,1,clear,high,31,high,distraction,minor,5,2,1,0.45
1928,Chennai,Tamil Nadu,13.133817,80.247453,2022-03-07,08:00:00,Monday,0,rural,6,1,fog,low,37,low,drunk driving,minor,4,0,1,0.6
1929,Pune,Maharashtra,18.694561,73.931778,2024-10-23,23:00:00,Wednesday,0,rural,6,0,fog,low,19,low,drunk driving,minor,5,3,0,0.45
1930,Kolkata,West Bengal,22.549128,88.402182,2023-11-17,22:00:00,Friday,0,highway,4,1,clear,high,27,low,distraction,minor,3,0,0,0.1
1931,Hyderabad,Telangana,17.590734,78.427152,2022-10-29,14:00:00,Saturday,1,urban,4,0,fog,low,15,low,weather,minor,3,0,0,0.45
1932,Chennai,Tamil Nadu,12.943777,80.140845,2024-10-01,17:00:00,Tuesday,0,rural,1,0,rain,low,22,low,poor road,minor,5,3,1,0.6
1933,Delhi,Delhi,28.426573,77.014492,2022-04-12,14:00:00,Tuesday,0,rural,4,0,fog,low,34,medium,distraction,minor,2,2,0,0.45
1934,Mumbai,Maharashtra,19.115161,72.908586,2025-03-16,14:00:00,Sunday,1,rural,3,0,fog,low,21,medium,overspeeding,minor,5,4,0,0.45
1935,Bangalore,Karnataka,13.013782,77.421844,2022-05-21,23:00:00,Saturday,1,highway,2,1,rain,medium,15,medium,weather,minor,1,1,0,0.25
1936,Delhi,Delhi,28.659124,77.157232,2024-09-28,08:00:00,Saturday,1,highway,5,1,fog,low,21,high,drunk driving,major,4,0,1,0.8
1937,Chennai,Tamil Nadu,13.150376,80.129118,2022-01-19,01:00:00,Wednesday,0,rural,5,0,clear,high,40,low,overspeeding,minor,3,0,0,0.1
1938,Delhi,Delhi,28.673819,77.072389,2022-09-30,11:00:00,Friday,0,urban,3,0,rain,medium,31,medium,overspeeding,minor,2,0,0,0.25
1939,Bangalore,Karnataka,13.040467,77.75418,2023-11-14,09:00:00,Tuesday,0,highway,4,1,rain,medium,23,high,weather,fatal,3,3,1,0.8
1940,Bangalore,Karnataka,12.999764,77.539969,2023-10-25,06:00:00,Wednesday,0,rural,2,1,clear,high,40,low,weather,major,5,1,0,0.1
1941,Pune,Maharashtra,18.689507,73.834666,2023-09-10,18:00:00,Sunday,1,urban,6,1,rain,low,34,high,poor road,minor,1,0,1,0.8
1942,Bangalore,Karnataka,13.035152,77.669351,2025-02-15,01:00:00,Saturday,1,rural,6,0,rain,medium,28,low,distraction,minor,2,0,0,0.25
1943,Bangalore,Karnataka,13.068411,77.74073,2023-11-14,10:00:00,Tuesday,0,highway,4,0,rain,medium,21,high,distraction,minor,5,0,1,0.6
1944,Hyderabad,Telangana,17.331625,78.220966,2023-11-15,06:00:00,Wednesday,0,urban,6,1,fog,low,28,low,drunk driving,minor,2,1,0,0.45
1945,Chandigarh,Punjab,30.717976,76.748305,2024-10-27,10:00:00,Sunday,1,urban,3,0,rain,low,39,high,overspeeding,major,1,1,1,0.8
1946,Chandigarh,Punjab,30.721356,76.873309,2025-01-04,05:00:00,Saturday,1,rural,5,0,clear,high,38,medium,weather,major,4,1,0,0.1
1947,Chennai,Tamil Nadu,12.887356,80.28566,2022-07-11,01:00:00,Monday,0,urban,2,0,fog,low,21,medium,weather,minor,4,0,0,0.45
1948,Chennai,Tamil Nadu,13.045885,80.132065,2023-10-17,15:00:00,Tuesday,0,rural,4,1,clear,high,35,medium,overspeeding,minor,2,2,0,0.1
1949,Mumbai,Maharashtra,19.129216,72.934866,2023-10-05,13:00:00,Thursday,0,urban,5,0,rain,medium,38,high,drunk driving,major,3,3,0,0.45
1950,Chandigarh,Punjab,30.696417,76.896547,2022-07-04,23:00:00,Monday,0,urban,3,1,clear,high,33,low,drunk driving,major,1,0,0,0.1
1951,Delhi,Delhi,28.684413,76.886256,2022-01-31,07:00:00,Monday,0,urban,6,0,rain,low,27,high,poor road,minor,3,0,0,0.65
1952,Bangalore,Karnataka,13.172311,77.683283,2022-12-02,22:00:00,Friday,0,rural,3,1,rain,low,35,low,overspeeding,minor,4,2,0,0.45
1953,Bangalore,Karnataka,12.849759,77.572227,2022-03-27,19:00:00,Sunday,1,rural,4,1,fog,low,25,high,distraction,fatal,4,4,1,1.0
1954,Pune,Maharashtra,18.466792,73.71568,2025-01-23,10:00:00,Thursday,0,urban,2,1,clear,high,40,medium,weather,minor,2,1,1,0.25
1955,Hyderabad,Telangana,17.450511,78.260333,2022-07-30,18:00:00,Saturday,1,rural,1,1,fog,low,37,high,poor road,major,4,3,1,0.8
1956,Delhi,Delhi,28.723013,76.931173,2022-12-29,21:00:00,Thursday,0,urban,2,1,fog,low,15,medium,overspeeding,minor,4,2,0,0.45
1957,Mumbai,Maharashtra,18.817987,72.945524,2024-08-03,15:00:00,Saturday,1,urban,1,1,fog,low,24,low,distraction,minor,2,1,0,0.45
1958,Chandigarh,Punjab,30.631636,76.822882,2023-06-04,22:00:00,Sunday,1,urban,2,1,fog,low,19,low,distraction,major,5,1,0,0.45
1959,Chennai,Tamil Nadu,12.850497,80.230316,2024-10-26,05:00:00,Saturday,1,rural,5,0,fog,low,20,low,overspeeding,major,5,5,0,0.45
1960,Bangalore,Karnataka,13.086749,77.593973,2023-08-23,05:00:00,Wednesday,0,rural,2,0,fog,low,15,medium,drunk driving,minor,2,2,0,0.45
1961,Bangalore,Karnataka,12.96331,77.507137,2025-03-22,18:00:00,Saturday,1,urban,5,1,rain,medium,32,high,poor road,minor,3,1,1,0.6
1962,Chennai,Tamil Nadu,12.904146,80.203999,2024-06-29,14:00:00,Saturday,1,highway,5,0,fog,low,34,medium,poor road,major,2,2,0,0.45
1963,Mumbai,Maharashtra,19.259854,72.875882,2024-07-19,17:00:00,Friday,0,highway,5,1,rain,medium,32,medium,drunk driving,minor,4,0,1,0.4
1964,Mumbai,Maharashtra,18.936165,72.702019,2022-05-12,16:00:00,Thursday,0,highway,6,0,clear,high,33,high,overspeeding,minor,1,1,0,0.3
1965,Mumbai,Maharashtra,18.955112,72.78069,2023-06-23,15:00:00,Friday,0,urban,1,0,rain,medium,28,low,overspeeding,minor,1,1,0,0.25
1966,Hyderabad,Telangana,17.250701,78.598972,2024-04-02,20:00:00,Tuesday,0,rural,5,1,fog,low,34,low,drunk driving,minor,5,5,0,0.45
1967,Hyderabad,Telangana,17.527315,78.252921,2024-11-01,05:00:00,Friday,0,rural,6,0,fog,low,34,high,overspeeding,major,5,2,0,0.75
1968,Chandigarh,Punjab,30.689947,76.890263,2022-09-12,06:00:00,Monday,0,highway,3,0,rain,low,17,medium,poor road,minor,1,0,0,0.45
1969,Chennai,Tamil Nadu,12.873027,80.243677,2024-10-03,13:00:00,Thursday,0,urban,6,1,rain,medium,18,low,drunk driving,major,1,1,0,0.25
1970,Mumbai,Maharashtra,19.295874,72.832309,2022-04-19,17:00:00,Tuesday,0,rural,3,0,clear,high,22,low,poor road,minor,1,0,1,0.25
1971,Hyderabad,Telangana,17.440539,78.522668,2022-12-10,01:00:00,Saturday,1,rural,1,1,clear,high,38,low,distraction,minor,1,0,0,0.1
1972,Bangalore,Karnataka,12.842907,77.560136,2025-01-30,21:00:00,Thursday,0,highway,6,0,fog,low,22,low,drunk driving,major,4,2,0,0.45
1973,Kolkata,West Bengal,22.652647,88.414545,2023-04-19,22:00:00,Wednesday,0,urban,1,0,clear,high,39,medium,distraction,minor,5,5,0,0.1
1974,Chandigarh,Punjab,30.741464,76.790235,2022-10-17,13:00:00,Monday,0,highway,6,0,fog,low,22,medium,poor road,minor,4,2,0,0.45
1975,Delhi,Delhi,28.865558,77.114436,2022-09-17,06:00:00,Saturday,1,rural,3,1,clear,high,40,medium,drunk driving,major,2,0,0,0.1
1976,Kolkata,West Bengal,22.534599,88.245686,2024-04-25,16:00:00,Thursday,0,urban,1,0,rain,low,20,low,poor road,minor,2,2,0,0.45
1977,Kolkata,West Bengal,22.424435,88.407873,2025-01-09,02:00:00,Thursday,0,urban,6,1,fog,low,39,low,overspeeding,minor,3,0,0,0.45
1978,Bangalore,Karnataka,13.069855,77.535862,2023-02-23,02:00:00,Thursday,0,rural,2,0,clear,high,21,low,weather,major,1,0,0,0.1
1979,Hyderabad,Telangana,17.547672,78.371542,2024-07-02,15:00:00,Tuesday,0,rural,6,1,rain,low,29,high,overspeeding,minor,1,1,0,0.65
1980,Chennai,Tamil Nadu,13.165022,80.110241,2024-07-19,04:00:00,Friday,0,rural,5,1,clear,high,37,low,weather,minor,2,2,0,0.1
1981,Hyderabad,Telangana,17.590067,78.3253,2022-08-20,16:00:00,Saturday,1,urban,2,1,rain,medium,39,high,drunk driving,major,3,0,0,0.45
1982,Mumbai,Maharashtra,19.064034,72.992022,2024-11-03,21:00:00,Sunday,1,urban,4,1,fog,low,15,low,distraction,minor,5,0,0,0.45
1983,Mumbai,Maharashtra,19.066733,72.834122,2022-06-19,09:00:00,Sunday,1,highway,3,0,fog,low,17,medium,drunk driving,fatal,2,2,1,0.8
1984,Mumbai,Maharashtra,19.111599,72.792923,2024-06-13,21:00:00,Thursday,0,highway,4,1,fog,low,29,high,poor road,minor,4,1,0,0.65
1985,Chandigarh,Punjab,30.756522,76.823588,2022-07-27,11:00:00,Wednesday,0,urban,1,1,clear,high,35,high,weather,minor,2,0,0,0.3
1986,Delhi,Delhi,28.519125,76.984307,2024-08-29,16:00:00,Thursday,0,highway,6,0,rain,low,16,high,overspeeding,fatal,5,5,0,0.85
1987,Chennai,Tamil Nadu,13.073111,80.143818,2024-11-19,05:00:00,Tuesday,0,highway,4,0,clear,high,39,medium,distraction,major,1,0,0,0.1
1988,Chennai,Tamil Nadu,12.954687,80.122731,2022-08-19,00:00:00,Friday,0,urban,3,1,rain,medium,40,low,poor road,fatal,1,1,0,0.45
1989,Pune,Maharashtra,18.569675,73.706836,2023-06-25,02:00:00,Sunday,1,highway,6,0,fog,low,30,low,poor road,fatal,4,4,0,0.65
1990,Chennai,Tamil Nadu,12.892055,80.122731,2025-02-11,02:00:00,Tuesday,0,highway,1,0,clear,high,37,low,drunk driving,minor,5,2,0,0.1
1991,Bangalore,Karnataka,13.168869,77.633779,2022-09-29,22:00:00,Thursday,0,urban,1,1,fog,low,24,low,drunk driving,minor,3,2,0,0.45
1992,Pune,Maharashtra,18.459923,73.746141,2022-05-08,01:00:00,Sunday,1,urban,1,0,clear,high,22,low,overspeeding,major,1,0,0,0.1
1993,Kolkata,West Bengal,22.686903,88.405853,2023-01-07,16:00:00,Saturday,1,highway,3,0,rain,medium,33,low,poor road,fatal,3,3,0,0.45
1994,Hyderabad,Telangana,17.205265,78.205591,2024-07-28,09:00:00,Sunday,1,urban,6,0,fog,low,24,high,overspeeding,minor,4,2,1,0.8
1995,Bangalore,Karnataka,13.164022,77.723928,2024-05-03,15:00:00,Friday,0,urban,2,0,fog,low,19,low,overspeeding,minor,2,1,0,0.45
1996,Pune,Maharashtra,18.681193,73.848331,2023-08-17,02:00:00,Thursday,0,urban,4,0,clear,high,35,low,weather,major,5,1,0,0.1
1997,Chandigarh,Punjab,30.679073,76.790763,2022-11-02,05:00:00,Wednesday,0,urban,2,1,fog,low,32,low,poor road,fatal,5,5,0,0.65
1998,Hyderabad,Telangana,17.260388,78.241323,2024-04-07,18:00:00,Sunday,1,urban,3,1,clear,high,38,medium,drunk driving,fatal,2,2,1,0.45
1999,Hyderabad,Telangana,17.542536,78.203795,2023-03-19,23:00:00,Sunday,1,urban,3,1,clear,high,18,medium,drunk driving,fatal,4,4,0,0.3
